
> @tempo/apps@ lint:tempo /Users/daniel/tempo/tempo-apps-factory-clipboard
> lints typescript

warning[no-await-in-loop]: Avoid await inside loops. Consider Promise.all() for parallel execution.
    ┌─ apps/mcp-docs-indexer/src/index.ts:111:18
    │    
110 │   ╭     for (const source of sources) {
111 │   │         const report = await syncSource({
    │ ╭─│────────────────────────^
    · │ │
116 │ │ │         })
    │ ╰─│──────────^
    ·   │
120 │   │     }
    │   ╰─────'
    │    
    = Using await in a loop executes promises sequentially, which is often
      slower than running them in parallel.
      
      Bad:
      for (const item of items) {                      
        await processItem(item);  // Sequential - slow!
      }                                                
      
      Good:
      await Promise.all(items.map(item => processItem(item)));  // Parallel
      
      If sequential execution is intentional (e.g., rate limiting),
      disable this rule with a comment explaining why.
      
      To disable this rule:
      - Line: add // ast-grep-ignore: no-await-in-loop on the line before

warning[no-console-log]: Avoid console.log in production code. Use structured logging instead.
   ┌─ apps/tokenlist/vite.config.ts:57:4
   │
57 │             console.log('Copied data/ to dist/tokenlist/data/')
   │             ^^^^^^^^^^^^^^^^^^^^^^^^^^^^^^^^^^^^^^^^^^^^^^^^^^^
   │
   = console.log is not suitable for production:
     - No log levels
     - No structured data
     - Cannot be configured/disabled
     
     Use a proper logging library instead (pino, winston, etc.)
     
     To disable this rule:
     - Line: add // ast-grep-ignore: no-console-log on the line before

warning[no-console-log]: Avoid console.log in production code. Use structured logging instead.
   ┌─ apps/tokenlist/vite.config.ts:94:5
   │
94 │                 console.log('Processing SVG icons...')
   │                 ^^^^^^^^^^^^^^^^^^^^^^^^^^^^^^^^^^^^^^
   │
   = console.log is not suitable for production:
     - No log levels
     - No structured data
     - Cannot be configured/disabled
     
     Use a proper logging library instead (pino, winston, etc.)
     
     To disable this rule:
     - Line: add // ast-grep-ignore: no-console-log on the line before

warning[no-console-log]: Avoid console.log in production code. Use structured logging instead.
   ┌─ apps/tokenlist/vite.config.ts:98:5
   │
98 │                 console.log('SVG icons processed successfully.')
   │                 ^^^^^^^^^^^^^^^^^^^^^^^^^^^^^^^^^^^^^^^^^^^^^^^^
   │
   = console.log is not suitable for production:
     - No log levels
     - No structured data
     - Cannot be configured/disabled
     
     Use a proper logging library instead (pino, winston, etc.)
     
     To disable this rule:
     - Line: add // ast-grep-ignore: no-console-log on the line before

warning[no-await-in-loop]: Avoid await inside loops. Consider Promise.all() for parallel execution.
   ┌─ apps/tokenlist/scripts/svg2g.ts:17:14
   │  
15 │ ╭ for await (const absoluteFilePath of svgGlob) {
16 │ │     console.info(`Optimizing ${absoluteFilePath}…`)
17 │ │     const svg = await NodeFS.readFile(absoluteFilePath, 'utf-8')
   │ │                 ^^^^^^^^^^^^^^^^^^^^^^^^^^^^^^^^^^^^^^^^^^^^^^^^
   · │
21 │ │ }
   │ ╰─'
   │  
   = Using await in a loop executes promises sequentially, which is often
     slower than running them in parallel.
     
     Bad:
     for (const item of items) {                      
       await processItem(item);  // Sequential - slow!
     }                                                
     
     Good:
     await Promise.all(items.map(item => processItem(item)));  // Parallel
     
     If sequential execution is intentional (e.g., rate limiting),
     disable this rule with a comment explaining why.
     
     To disable this rule:
     - Line: add // ast-grep-ignore: no-await-in-loop on the line before

warning[no-await-in-loop]: Avoid await inside loops. Consider Promise.all() for parallel execution.
   ┌─ apps/tokenlist/scripts/svg2g.ts:19:2
   │  
15 │ ╭ for await (const absoluteFilePath of svgGlob) {
   · │
19 │ │     await NodeFS.writeFile(absoluteFilePath, optimized.data)
   │ │     ^^^^^^^^^^^^^^^^^^^^^^^^^^^^^^^^^^^^^^^^^^^^^^^^^^^^^^^^
20 │ │     await NodeFS.appendFile(absoluteFilePath, NodeOS.EOL)
21 │ │ }
   │ ╰─'
   │  
   = Using await in a loop executes promises sequentially, which is often
     slower than running them in parallel.
     
     Bad:
     for (const item of items) {                      
       await processItem(item);  // Sequential - slow!
     }                                                
     
     Good:
     await Promise.all(items.map(item => processItem(item)));  // Parallel
     
     If sequential execution is intentional (e.g., rate limiting),
     disable this rule with a comment explaining why.
     
     To disable this rule:
     - Line: add // ast-grep-ignore: no-await-in-loop on the line before

warning[no-await-in-loop]: Avoid await inside loops. Consider Promise.all() for parallel execution.
   ┌─ apps/tokenlist/scripts/svg2g.ts:20:2
   │  
15 │ ╭ for await (const absoluteFilePath of svgGlob) {
   · │
20 │ │     await NodeFS.appendFile(absoluteFilePath, NodeOS.EOL)
   │ │     ^^^^^^^^^^^^^^^^^^^^^^^^^^^^^^^^^^^^^^^^^^^^^^^^^^^^^
21 │ │ }
   │ ╰─'
   │  
   = Using await in a loop executes promises sequentially, which is often
     slower than running them in parallel.
     
     Bad:
     for (const item of items) {                      
       await processItem(item);  // Sequential - slow!
     }                                                
     
     Good:
     await Promise.all(items.map(item => processItem(item)));  // Parallel
     
     If sequential execution is intentional (e.g., rate limiting),
     disable this rule with a comment explaining why.
     
     To disable this rule:
     - Line: add // ast-grep-ignore: no-await-in-loop on the line before

warning[no-await-in-loop]: Avoid await inside loops. Consider Promise.all() for parallel execution.
    ┌─ apps/contract-verification/scripts/precompile-seed/seed.test.ts:59:4
    │  
 58 │ ╭         for (let run = 0; run < 2; run++) {
 59 │ │             await seedNativeContracts(db, { manifest: [next], fetch: fetchMock })
    │ │             ^^^^^^^^^^^^^^^^^^^^^^^^^^^^^^^^^^^^^^^^^^^^^^^^^^^^^^^^^^^^^^^^^^^^^
    · │
106 │ │         }
    │ ╰─────────'
    │  
    = Using await in a loop executes promises sequentially, which is often
      slower than running them in parallel.
      
      Bad:
      for (const item of items) {                      
        await processItem(item);  // Sequential - slow!
      }                                                
      
      Good:
      await Promise.all(items.map(item => processItem(item)));  // Parallel
      
      If sequential execution is intentional (e.g., rate limiting),
      disable this rule with a comment explaining why.
      
      To disable this rule:
      - Line: add // ast-grep-ignore: no-await-in-loop on the line before

warning[no-await-in-loop]: Avoid await inside loops. Consider Promise.all() for parallel execution.
    ┌─ apps/contract-verification/scripts/precompile-seed/seed.test.ts:60:22
    │  
 58 │ ╭         for (let run = 0; run < 2; run++) {
 59 │ │             await seedNativeContracts(db, { manifest: [next], fetch: fetchMock })
 60 │ │             const revisions = await db.select().from(DB.nativeContractRevisionsTable)
    │ │                               ^^^^^^^^^^^^^^^^^^^^^^^^^^^^^^^^^^^^^^^^^^^^^^^^^^^^^^^
    · │
106 │ │         }
    │ ╰─────────'
    │  
    = Using await in a loop executes promises sequentially, which is often
      slower than running them in parallel.
      
      Bad:
      for (const item of items) {                      
        await processItem(item);  // Sequential - slow!
      }                                                
      
      Good:
      await Promise.all(items.map(item => processItem(item)));  // Parallel
      
      If sequential execution is intentional (e.g., rate limiting),
      disable this rule with a comment explaining why.
      
      To disable this rule:
      - Line: add // ast-grep-ignore: no-await-in-loop on the line before

warning[no-await-in-loop]: Avoid await inside loops. Consider Promise.all() for parallel execution.
    ┌─ apps/contract-verification/scripts/precompile-seed/seed.test.ts:71:5
    │    
 58 │   ╭         for (let run = 0; run < 2; run++) {
    ·   │
 71 │ ╭ │                 await db
    · │ │
 79 │ │ │                     ),
    │ ╰─│─────────────────────^
    ·   │
106 │   │         }
    │   ╰─────────'
    │    
    = Using await in a loop executes promises sequentially, which is often
      slower than running them in parallel.
      
      Bad:
      for (const item of items) {                      
        await processItem(item);  // Sequential - slow!
      }                                                
      
      Good:
      await Promise.all(items.map(item => processItem(item)));  // Parallel
      
      If sequential execution is intentional (e.g., rate limiting),
      disable this rule with a comment explaining why.
      
      To disable this rule:
      - Line: add // ast-grep-ignore: no-await-in-loop on the line before

warning[no-await-in-loop]: Avoid await inside loops. Consider Promise.all() for parallel execution.
    ┌─ apps/contract-verification/scripts/precompile-seed/seed.test.ts:81:18
    │    
 58 │   ╭         for (let run = 0; run < 2; run++) {
    ·   │
 81 │   │             const links = await db
    │ ╭─│───────────────────────────^
    · │ │
 98 │ │ │                 .orderBy(DB.nativeContractRevisionSourcesTable.path)
    │ ╰─│────────────────────────────────────────────────────────────────────^
    ·   │
106 │   │         }
    │   ╰─────────'
    │    
    = Using await in a loop executes promises sequentially, which is often
      slower than running them in parallel.
      
      Bad:
      for (const item of items) {                      
        await processItem(item);  // Sequential - slow!
      }                                                
      
      Good:
      await Promise.all(items.map(item => processItem(item)));  // Parallel
      
      If sequential execution is intentional (e.g., rate limiting),
      disable this rule with a comment explaining why.
      
      To disable this rule:
      - Line: add // ast-grep-ignore: no-await-in-loop on the line before

warning[no-leading-whitespace-strings]: String literals should not start with leading whitespace. Found: ' binding is not configured'
   ┌─ apps/fee-payer/src/lib/ip-rate-limit.ts:12:73
   │
12 │                 `${options.keyed ? 'KeyedAddressRateLimiter' : 'AddressRateLimiter'} binding is not configured`,
   │                                                                                     ^^^^^^^^^^^^^^^^^^^^^^^^^^
   │
   = Strings that start with a single space followed by text like " foo" are often 
     unintentional typos and can cause display issues.
     
     This rule ignores:
     - Multi-line string indentation (2+ spaces or tabs)
     - Format strings with placeholders
     
     To disable this rule:
     - Line: add // ast-grep-ignore: no-leading-whitespace-strings on the line before
     - Block: wrap code with // ast-grep-ignore-start and // ast-grep-ignore-end

warning[no-await-in-loop]: Avoid await inside loops. Consider Promise.all() for parallel execution.
    ┌─ apps/contract-verification/scripts/precompile-seed/seed.ts:145:25
    │    
142 │   ╭     for (const entry of manifest) {
    ·   │
145 │   │         const sourcesByPath = await Promise.all(
    │ ╭─│───────────────────────────────^
    · │ │
176 │ │ │         )
    │ ╰─│─────────^
    ·   │
289 │   │     }
    │   ╰─────'
    │    
    = Using await in a loop executes promises sequentially, which is often
      slower than running them in parallel.
      
      Bad:
      for (const item of items) {                      
        await processItem(item);  // Sequential - slow!
      }                                                
      
      Good:
      await Promise.all(items.map(item => processItem(item)));  // Parallel
      
      If sequential execution is intentional (e.g., rate limiting),
      disable this rule with a comment explaining why.
      
      To disable this rule:
      - Line: add // ast-grep-ignore: no-await-in-loop on the line before

warning[no-await-in-loop]: Avoid await inside loops. Consider Promise.all() for parallel execution.
    ┌─ apps/contract-verification/scripts/precompile-seed/seed.ts:155:21
    │  
142 │ ╭     for (const entry of manifest) {
    · │
155 │ │                 const content = await contentPromise
    │ │                                 ^^^^^^^^^^^^^^^^^^^^
    · │
289 │ │     }
    │ ╰─────'
    │  
    = Using await in a loop executes promises sequentially, which is often
      slower than running them in parallel.
      
      Bad:
      for (const item of items) {                      
        await processItem(item);  // Sequential - slow!
      }                                                
      
      Good:
      await Promise.all(items.map(item => processItem(item)));  // Parallel
      
      If sequential execution is intentional (e.g., rate limiting),
      disable this rule with a comment explaining why.
      
      To disable this rule:
      - Line: add // ast-grep-ignore: no-await-in-loop on the line before

warning[no-await-in-loop]: Avoid await inside loops. Consider Promise.all() for parallel execution.
    ┌─ apps/contract-verification/scripts/precompile-seed/seed.ts:156:20
    │  
142 │ ╭     for (const entry of manifest) {
    · │
156 │ │                 const hashes = await hashSourceContent(content)
    │ │                                ^^^^^^^^^^^^^^^^^^^^^^^^^^^^^^^^
    · │
289 │ │     }
    │ ╰─────'
    │  
    = Using await in a loop executes promises sequentially, which is often
      slower than running them in parallel.
      
      Bad:
      for (const item of items) {                      
        await processItem(item);  // Sequential - slow!
      }                                                
      
      Good:
      await Promise.all(items.map(item => processItem(item)));  // Parallel
      
      If sequential execution is intentional (e.g., rate limiting),
      disable this rule with a comment explaining why.
      
      To disable this rule:
      - Line: add // ast-grep-ignore: no-await-in-loop on the line before

warning[no-await-in-loop]: Avoid await inside loops. Consider Promise.all() for parallel execution.
    ┌─ apps/contract-verification/scripts/precompile-seed/seed.ts:159:5
    │    
142 │   ╭     for (const entry of manifest) {
    ·   │
159 │ ╭ │                 await db
    · │ │
168 │ │ │                     .onConflictDoNothing()
    │ ╰─│──────────────────────────────────────────^
    ·   │
289 │   │     }
    │   ╰─────'
    │    
    = Using await in a loop executes promises sequentially, which is often
      slower than running them in parallel.
      
      Bad:
      for (const item of items) {                      
        await processItem(item);  // Sequential - slow!
      }                                                
      
      Good:
      await Promise.all(items.map(item => processItem(item)));  // Parallel
      
      If sequential execution is intentional (e.g., rate limiting),
      disable this rule with a comment explaining why.
      
      To disable this rule:
      - Line: add // ast-grep-ignore: no-await-in-loop on the line before

warning[no-await-in-loop]: Avoid await inside loops. Consider Promise.all() for parallel execution.
    ┌─ apps/contract-verification/scripts/precompile-seed/seed.ts:267:4
    │    
178 │   ╭         for (const deployment of entry.deployments) {
    ·   │
267 │ ╭ │             await db.batch([
    · │ │
284 │ │ │             ])
    │ ╰─│──────────────^
    ·   │
288 │   │         }
    │   ╰─────────'
    │    
    = Using await in a loop executes promises sequentially, which is often
      slower than running them in parallel.
      
      Bad:
      for (const item of items) {                      
        await processItem(item);  // Sequential - slow!
      }                                                
      
      Good:
      await Promise.all(items.map(item => processItem(item)));  // Parallel
      
      If sequential execution is intentional (e.g., rate limiting),
      disable this rule with a comment explaining why.
      
      To disable this rule:
      - Line: add // ast-grep-ignore: no-await-in-loop on the line before

warning[no-leading-whitespace-strings]: String literals should not start with leading whitespace. Found: ' ('
   ┌─ apps/contract-verification/scripts/precompile-seed/seed.ts:71:52
   │
71 │             `Failed to fetch ${repository}@${commit}:${path} (${response.status} ${response.statusText})`,
   │                                                             ^^
   │
   = Strings that start with a single space followed by text like " foo" are often 
     unintentional typos and can cause display issues.
     
     This rule ignores:
     - Multi-line string indentation (2+ spaces or tabs)
     - Format strings with placeholders
     
     To disable this rule:
     - Line: add // ast-grep-ignore: no-leading-whitespace-strings on the line before
     - Block: wrap code with // ast-grep-ignore-start and // ast-grep-ignore-end

warning[no-leading-whitespace-strings]: String literals should not start with leading whitespace. Found: ' has entrypoint outside paths: '
    ┌─ apps/contract-verification/scripts/precompile-seed/seed.ts:119:32
    │
119 │                 `Manifest entry ${entry.id} has entrypoint outside paths: ${entrypoint}`,
    │                                            ^^^^^^^^^^^^^^^^^^^^^^^^^^^^^^^
    │
    = Strings that start with a single space followed by text like " foo" are often 
      unintentional typos and can cause display issues.
      
      This rule ignores:
      - Multi-line string indentation (2+ spaces or tabs)
      - Format strings with placeholders
      
      To disable this rule:
      - Line: add // ast-grep-ignore: no-leading-whitespace-strings on the line before
      - Block: wrap code with // ast-grep-ignore-start and // ast-grep-ignore-end

warning[no-leading-whitespace-strings]: String literals should not start with leading whitespace. Found: ' must include at least one deployment'
    ┌─ apps/contract-verification/scripts/precompile-seed/seed.ts:125:31
    │
125 │             `Manifest entry ${entry.id} must include at least one deployment`,
    │                                        ^^^^^^^^^^^^^^^^^^^^^^^^^^^^^^^^^^^^^
    │
    = Strings that start with a single space followed by text like " foo" are often 
      unintentional typos and can cause display issues.
      
      This rule ignores:
      - Multi-line string indentation (2+ spaces or tabs)
      - Format strings with placeholders
      
      To disable this rule:
      - Line: add // ast-grep-ignore: no-leading-whitespace-strings on the line before
      - Block: wrap code with // ast-grep-ignore-start and // ast-grep-ignore-end

warning[no-leading-whitespace-strings]: String literals should not start with leading whitespace. Found: ' || ':' || '
    ┌─ apps/contract-verification/scripts/precompile-seed/seed.ts:277:64
    │
277 │                         id: sql<string>`'revision-source:' || ${storedRevisionId} || ':' || ${source.path}`,
    │                                                                                  ^^^^^^^^^^^
    │
    = Strings that start with a single space followed by text like " foo" are often 
      unintentional typos and can cause display issues.
      
      This rule ignores:
      - Multi-line string indentation (2+ spaces or tabs)
      - Format strings with placeholders
      
      To disable this rule:
      - Line: add // ast-grep-ignore: no-leading-whitespace-strings on the line before
      - Block: wrap code with // ast-grep-ignore-start and // ast-grep-ignore-end

warning[no-leading-whitespace-strings]: String literals should not start with leading whitespace. Found: ' - '
   ┌─ apps/fee-payer/src/lib/posthog.ts:50:61
   │
50 │             console.error(`PostHog capture failed: ${response.status} - ${body}`)
   │                                                                      ^^^
   │
   = Strings that start with a single space followed by text like " foo" are often 
     unintentional typos and can cause display issues.
     
     This rule ignores:
     - Multi-line string indentation (2+ spaces or tabs)
     - Format strings with placeholders
     
     To disable this rule:
     - Line: add // ast-grep-ignore: no-leading-whitespace-strings on the line before
     - Block: wrap code with // ast-grep-ignore-start and // ast-grep-ignore-end

warning[no-leading-whitespace-strings]: String literals should not start with leading whitespace. Found: ' ('
   ┌─ apps/contract-verification/container/compiler.ts:38:42
   │
38 │             `GitHub download failed for ${version} (${githubUrl}): ${response.status}`,
   │                                                   ^^
   │
   = Strings that start with a single space followed by text like " foo" are often 
     unintentional typos and can cause display issues.
     
     This rule ignores:
     - Multi-line string indentation (2+ spaces or tabs)
     - Format strings with placeholders
     
     To disable this rule:
     - Line: add // ast-grep-ignore: no-leading-whitespace-strings on the line before
     - Block: wrap code with // ast-grep-ignore-start and // ast-grep-ignore-end

warning[no-await-in-loop]: Avoid await inside loops. Consider Promise.all() for parallel execution.
    ┌─ apps/reth-snapshots-viewer/src/index.ts:351:11
    │  
349 │ ╭     for (let attempt = 1; attempt <= R2_MAX_RETRIES; attempt++) {
350 │ │         try {
351 │ │             return await fn()
    │ │                    ^^^^^^^^^^
    · │
362 │ │     }
    │ ╰─────'
    │  
    = Using await in a loop executes promises sequentially, which is often
      slower than running them in parallel.
      
      Bad:
      for (const item of items) {                      
        await processItem(item);  // Sequential - slow!
      }                                                
      
      Good:
      await Promise.all(items.map(item => processItem(item)));  // Parallel
      
      If sequential execution is intentional (e.g., rate limiting),
      disable this rule with a comment explaining why.
      
      To disable this rule:
      - Line: add // ast-grep-ignore: no-await-in-loop on the line before

warning[no-await-in-loop]: Avoid await inside loops. Consider Promise.all() for parallel execution.
    ┌─ apps/reth-snapshots-viewer/src/index.ts:360:4
    │  
349 │ ╭     for (let attempt = 1; attempt <= R2_MAX_RETRIES; attempt++) {
    · │
360 │ │             await sleep(R2_RETRY_BASE_DELAY_MS * attempt)
    │ │             ^^^^^^^^^^^^^^^^^^^^^^^^^^^^^^^^^^^^^^^^^^^^^
361 │ │         }
362 │ │     }
    │ ╰─────'
    │  
    = Using await in a loop executes promises sequentially, which is often
      slower than running them in parallel.
      
      Bad:
      for (const item of items) {                      
        await processItem(item);  // Sequential - slow!
      }                                                
      
      Good:
      await Promise.all(items.map(item => processItem(item)));  // Parallel
      
      If sequential execution is intentional (e.g., rate limiting),
      disable this rule with a comment explaining why.
      
      To disable this rule:
      - Line: add // ast-grep-ignore: no-await-in-loop on the line before

warning[no-await-in-loop]: Avoid await inside loops. Consider Promise.all() for parallel execution.
    ┌─ apps/reth-snapshots-viewer/src/index.ts:375:15
    │    
374 │   ╭     while (true) {
375 │   │         const res = await withR2Retry('listing root snapshot prefixes', () =>
    │ ╭─│─────────────────────^
376 │ │ │             bucket.list({ cursor, delimiter: '/' }),
377 │ │ │         )
    │ ╰─│─────────^
    ·   │
384 │   │     }
    │   ╰─────'
    │    
    = Using await in a loop executes promises sequentially, which is often
      slower than running them in parallel.
      
      Bad:
      for (const item of items) {                      
        await processItem(item);  // Sequential - slow!
      }                                                
      
      Good:
      await Promise.all(items.map(item => processItem(item)));  // Parallel
      
      If sequential execution is intentional (e.g., rate limiting),
      disable this rule with a comment explaining why.
      
      To disable this rule:
      - Line: add // ast-grep-ignore: no-await-in-loop on the line before

warning[no-await-in-loop]: Avoid await inside loops. Consider Promise.all() for parallel execution.
    ┌─ apps/reth-snapshots-viewer/src/index.ts:404:27
    │  
400 │ ╭         while (nextIndex < entries.length) {
    · │
404 │ │             results[entry.index] = await mapper(entry.item)
    │ │                                    ^^^^^^^^^^^^^^^^^^^^^^^^
405 │ │         }
    │ ╰─────────'
    │  
    = Using await in a loop executes promises sequentially, which is often
      slower than running them in parallel.
      
      Bad:
      for (const item of items) {                      
        await processItem(item);  // Sequential - slow!
      }                                                
      
      Good:
      await Promise.all(items.map(item => processItem(item)));  // Parallel
      
      If sequential execution is intentional (e.g., rate limiting),
      disable this rule with a comment explaining why.
      
      To disable this rule:
      - Line: add // ast-grep-ignore: no-await-in-loop on the line before

warning[no-leading-whitespace-strings]: String literals should not start with leading whitespace. Found: ' · '
     ┌─ apps/reth-snapshots-viewer/src/index.ts:2037:95
     │
2037 │     <span>Latest snapshot: block ${latestModular ? latestModular.block.toLocaleString() : '—'} · ${latestModular ? new Date(parseInt(latestModular.timestamp, 10) * 1000).toLocaleDateString('en-US', { month: 'short', day: 'numeric', year: 'numeric' }) : '—'}</span>
     │                                                                                               ^^^
     │
     = Strings that start with a single space followed by text like " foo" are often 
       unintentional typos and can cause display issues.
       
       This rule ignores:
       - Multi-line string indentation (2+ spaces or tabs)
       - Format strings with placeholders
       
       To disable this rule:
       - Line: add // ast-grep-ignore: no-leading-whitespace-strings on the line before
       - Block: wrap code with // ast-grep-ignore-start and // ast-grep-ignore-end

warning[no-await-in-loop]: Avoid await inside loops. Consider Promise.all() for parallel execution.
    ┌─ apps/mcp-docs-indexer/scripts/eval-mcp.ts:335:16
    │  
334 │ ╭     for (const testCase of cases) {
335 │ │         results.push(await runCase(endpoint, testCase))
    │ │                      ^^^^^^^^^^^^^^^^^^^^^^^^^^^^^^^^^
336 │ │     }
    │ ╰─────'
    │  
    = Using await in a loop executes promises sequentially, which is often
      slower than running them in parallel.
      
      Bad:
      for (const item of items) {                      
        await processItem(item);  // Sequential - slow!
      }                                                
      
      Good:
      await Promise.all(items.map(item => processItem(item)));  // Parallel
      
      If sequential execution is intentional (e.g., rate limiting),
      disable this rule with a comment explaining why.
      
      To disable this rule:
      - Line: add // ast-grep-ignore: no-await-in-loop on the line before

warning[no-leading-whitespace-strings]: String literals should not start with leading whitespace. Found: ' > '
    ┌─ apps/mcp-docs-indexer/scripts/eval-mcp.ts:474:42
    │
474 │             failures.push(`too many bytes ${bytes} > ${testCase.maxBytes}`)
    │                                                   ^^^
    │
    = Strings that start with a single space followed by text like " foo" are often 
      unintentional typos and can cause display issues.
      
      This rule ignores:
      - Multi-line string indentation (2+ spaces or tabs)
      - Format strings with placeholders
      
      To disable this rule:
      - Line: add // ast-grep-ignore: no-leading-whitespace-strings on the line before
      - Block: wrap code with // ast-grep-ignore-start and // ast-grep-ignore-end

warning[no-leading-whitespace-strings]: String literals should not start with leading whitespace. Found: ' > '
    ┌─ apps/mcp-docs-indexer/scripts/eval-mcp.ts:515:42
    │
515 │             failures.push(`too many bytes ${bytes} > ${testCase.maxBytes}`)
    │                                                   ^^^
    │
    = Strings that start with a single space followed by text like " foo" are often 
      unintentional typos and can cause display issues.
      
      This rule ignores:
      - Multi-line string indentation (2+ spaces or tabs)
      - Format strings with placeholders
      
      To disable this rule:
      - Line: add // ast-grep-ignore: no-leading-whitespace-strings on the line before
      - Block: wrap code with // ast-grep-ignore-start and // ast-grep-ignore-end

warning[no-leading-whitespace-strings]: String literals should not start with leading whitespace. Found: ' > '
    ┌─ apps/mcp-docs-indexer/scripts/eval-mcp.ts:518:47
    │
518 │             failures.push(`too much text ${text.length} > ${testCase.maxTextChars}`)
    │                                                        ^^^
    │
    = Strings that start with a single space followed by text like " foo" are often 
      unintentional typos and can cause display issues.
      
      This rule ignores:
      - Multi-line string indentation (2+ spaces or tabs)
      - Format strings with placeholders
      
      To disable this rule:
      - Line: add // ast-grep-ignore: no-leading-whitespace-strings on the line before
      - Block: wrap code with // ast-grep-ignore-start and // ast-grep-ignore-end

warning[no-leading-whitespace-strings]: String literals should not start with leading whitespace. Found: ' < '
    ┌─ apps/mcp-docs-indexer/scripts/eval-mcp.ts:585:50
    │
585 │             failures.push(`too few chunks ${chunks.length} < ${testCase.minChunks}`)
    │                                                           ^^^
    │
    = Strings that start with a single space followed by text like " foo" are often 
      unintentional typos and can cause display issues.
      
      This rule ignores:
      - Multi-line string indentation (2+ spaces or tabs)
      - Format strings with placeholders
      
      To disable this rule:
      - Line: add // ast-grep-ignore: no-leading-whitespace-strings on the line before
      - Block: wrap code with // ast-grep-ignore-start and // ast-grep-ignore-end

warning[no-leading-whitespace-strings]: String literals should not start with leading whitespace. Found: ' > '
    ┌─ apps/mcp-docs-indexer/scripts/eval-mcp.ts:588:51
    │
588 │             failures.push(`too many chunks ${chunks.length} > ${testCase.maxChunks}`)
    │                                                            ^^^
    │
    = Strings that start with a single space followed by text like " foo" are often 
      unintentional typos and can cause display issues.
      
      This rule ignores:
      - Multi-line string indentation (2+ spaces or tabs)
      - Format strings with placeholders
      
      To disable this rule:
      - Line: add // ast-grep-ignore: no-leading-whitespace-strings on the line before
      - Block: wrap code with // ast-grep-ignore-start and // ast-grep-ignore-end

warning[no-leading-whitespace-strings]: String literals should not start with leading whitespace. Found: ' > '
    ┌─ apps/mcp-docs-indexer/scripts/eval-mcp.ts:592:46
    │
592 │                 `too many bytes ${Buffer.byteLength(raw)} > ${testCase.maxBytes}`,
    │                                                          ^^^
    │
    = Strings that start with a single space followed by text like " foo" are often 
      unintentional typos and can cause display issues.
      
      This rule ignores:
      - Multi-line string indentation (2+ spaces or tabs)
      - Format strings with placeholders
      
      To disable this rule:
      - Line: add // ast-grep-ignore: no-leading-whitespace-strings on the line before
      - Block: wrap code with // ast-grep-ignore-start and // ast-grep-ignore-end

warning[no-leading-whitespace-strings]: String literals should not start with leading whitespace. Found: ' > '
    ┌─ apps/mcp-docs-indexer/scripts/eval-mcp.ts:596:47
    │
596 │             failures.push(`too much text ${text.length} > ${testCase.maxTextChars}`)
    │                                                        ^^^
    │
    = Strings that start with a single space followed by text like " foo" are often 
      unintentional typos and can cause display issues.
      
      This rule ignores:
      - Multi-line string indentation (2+ spaces or tabs)
      - Format strings with placeholders
      
      To disable this rule:
      - Line: add // ast-grep-ignore: no-leading-whitespace-strings on the line before
      - Block: wrap code with // ast-grep-ignore-start and // ast-grep-ignore-end

warning[no-leading-whitespace-strings]: String literals should not start with leading whitespace. Found: ' > '
    ┌─ apps/mcp-docs-indexer/scripts/eval-mcp.ts:600:39
    │
600 │                 `duplicate pages ${duplicatePages} > ${testCase.maxDuplicatePages}`,
    │                                                   ^^^
    │
    = Strings that start with a single space followed by text like " foo" are often 
      unintentional typos and can cause display issues.
      
      This rule ignores:
      - Multi-line string indentation (2+ spaces or tabs)
      - Format strings with placeholders
      
      To disable this rule:
      - Line: add // ast-grep-ignore: no-leading-whitespace-strings on the line before
      - Block: wrap code with // ast-grep-ignore-start and // ast-grep-ignore-end

warning[no-leading-whitespace-strings]: String literals should not start with leading whitespace. Found: ' > '
    ┌─ apps/mcp-docs-indexer/scripts/eval-mcp.ts:668:49
    │
668 │             failures.push(`too many pages ${pages.length} > ${testCase.maxPages}`)
    │                                                          ^^^
    │
    = Strings that start with a single space followed by text like " foo" are often 
      unintentional typos and can cause display issues.
      
      This rule ignores:
      - Multi-line string indentation (2+ spaces or tabs)
      - Format strings with placeholders
      
      To disable this rule:
      - Line: add // ast-grep-ignore: no-leading-whitespace-strings on the line before
      - Block: wrap code with // ast-grep-ignore-start and // ast-grep-ignore-end

warning[no-leading-whitespace-strings]: String literals should not start with leading whitespace. Found: ' > '
    ┌─ apps/mcp-docs-indexer/scripts/eval-mcp.ts:672:46
    │
672 │                 `too many bytes ${Buffer.byteLength(raw)} > ${testCase.maxBytes}`,
    │                                                          ^^^
    │
    = Strings that start with a single space followed by text like " foo" are often 
      unintentional typos and can cause display issues.
      
      This rule ignores:
      - Multi-line string indentation (2+ spaces or tabs)
      - Format strings with placeholders
      
      To disable this rule:
      - Line: add // ast-grep-ignore: no-leading-whitespace-strings on the line before
      - Block: wrap code with // ast-grep-ignore-start and // ast-grep-ignore-end

warning[no-leading-whitespace-strings]: String literals should not start with leading whitespace. Found: ' > '
    ┌─ apps/mcp-docs-indexer/scripts/eval-mcp.ts:730:46
    │
730 │                 `too many bytes ${Buffer.byteLength(raw)} > ${testCase.maxBytes}`,
    │                                                          ^^^
    │
    = Strings that start with a single space followed by text like " foo" are often 
      unintentional typos and can cause display issues.
      
      This rule ignores:
      - Multi-line string indentation (2+ spaces or tabs)
      - Format strings with placeholders
      
      To disable this rule:
      - Line: add // ast-grep-ignore: no-leading-whitespace-strings on the line before
      - Block: wrap code with // ast-grep-ignore-start and // ast-grep-ignore-end

warning[no-leading-whitespace-strings]: String literals should not start with leading whitespace. Found: ' > '
    ┌─ apps/mcp-docs-indexer/scripts/eval-mcp.ts:734:47
    │
734 │             failures.push(`too much text ${text.length} > ${testCase.maxTextChars}`)
    │                                                        ^^^
    │
    = Strings that start with a single space followed by text like " foo" are often 
      unintentional typos and can cause display issues.
      
      This rule ignores:
      - Multi-line string indentation (2+ spaces or tabs)
      - Format strings with placeholders
      
      To disable this rule:
      - Line: add // ast-grep-ignore: no-leading-whitespace-strings on the line before
      - Block: wrap code with // ast-grep-ignore-start and // ast-grep-ignore-end

warning[no-leading-whitespace-strings]: String literals should not start with leading whitespace. Found: ' pass='
    ┌─ apps/mcp-docs-indexer/scripts/eval-mcp.ts:914:47
    │
914 │         `score=${summary.score}/${summary.max_score} pass=${summary.passed}/${summary.total} pass_rate=${summary.pass_rate.toFixed(3)} bytes=${summary.bytes} chars=${summary.text_chars} dupes=${summary.duplicate_pages} p50=${summary.p50_ms}ms p95=${summary.p95_ms}ms`,
    │                                                     ^^^^^^
    │
    = Strings that start with a single space followed by text like " foo" are often 
      unintentional typos and can cause display issues.
      
      This rule ignores:
      - Multi-line string indentation (2+ spaces or tabs)
      - Format strings with placeholders
      
      To disable this rule:
      - Line: add // ast-grep-ignore: no-leading-whitespace-strings on the line before
      - Block: wrap code with // ast-grep-ignore-start and // ast-grep-ignore-end

warning[no-leading-whitespace-strings]: String literals should not start with leading whitespace. Found: ' pass_rate='
    ┌─ apps/mcp-docs-indexer/scripts/eval-mcp.ts:914:87
    │
914 │         `score=${summary.score}/${summary.max_score} pass=${summary.passed}/${summary.total} pass_rate=${summary.pass_rate.toFixed(3)} bytes=${summary.bytes} chars=${summary.text_chars} dupes=${summary.duplicate_pages} p50=${summary.p50_ms}ms p95=${summary.p95_ms}ms`,
    │                                                                                             ^^^^^^^^^^^
    │
    = Strings that start with a single space followed by text like " foo" are often 
      unintentional typos and can cause display issues.
      
      This rule ignores:
      - Multi-line string indentation (2+ spaces or tabs)
      - Format strings with placeholders
      
      To disable this rule:
      - Line: add // ast-grep-ignore: no-leading-whitespace-strings on the line before
      - Block: wrap code with // ast-grep-ignore-start and // ast-grep-ignore-end

warning[no-leading-whitespace-strings]: String literals should not start with leading whitespace. Found: ' bytes='
    ┌─ apps/mcp-docs-indexer/scripts/eval-mcp.ts:914:129
    │
914 │         `score=${summary.score}/${summary.max_score} pass=${summary.passed}/${summary.total} pass_rate=${summary.pass_rate.toFixed(3)} bytes=${summary.bytes} chars=${summary.text_chars} dupes=${summary.duplicate_pages} p50=${summary.p50_ms}ms p95=${summary.p95_ms}ms`,
    │                                                                                                                                       ^^^^^^^
    │
    = Strings that start with a single space followed by text like " foo" are often 
      unintentional typos and can cause display issues.
      
      This rule ignores:
      - Multi-line string indentation (2+ spaces or tabs)
      - Format strings with placeholders
      
      To disable this rule:
      - Line: add // ast-grep-ignore: no-leading-whitespace-strings on the line before
      - Block: wrap code with // ast-grep-ignore-start and // ast-grep-ignore-end

warning[no-leading-whitespace-strings]: String literals should not start with leading whitespace. Found: ' chars='
    ┌─ apps/mcp-docs-indexer/scripts/eval-mcp.ts:914:152
    │
914 │         `score=${summary.score}/${summary.max_score} pass=${summary.passed}/${summary.total} pass_rate=${summary.pass_rate.toFixed(3)} bytes=${summary.bytes} chars=${summary.text_chars} dupes=${summary.duplicate_pages} p50=${summary.p50_ms}ms p95=${summary.p95_ms}ms`,
    │                                                                                                                                                              ^^^^^^^
    │
    = Strings that start with a single space followed by text like " foo" are often 
      unintentional typos and can cause display issues.
      
      This rule ignores:
      - Multi-line string indentation (2+ spaces or tabs)
      - Format strings with placeholders
      
      To disable this rule:
      - Line: add // ast-grep-ignore: no-leading-whitespace-strings on the line before
      - Block: wrap code with // ast-grep-ignore-start and // ast-grep-ignore-end

warning[no-leading-whitespace-strings]: String literals should not start with leading whitespace. Found: ' dupes='
    ┌─ apps/mcp-docs-indexer/scripts/eval-mcp.ts:914:180
    │
914 │         `score=${summary.score}/${summary.max_score} pass=${summary.passed}/${summary.total} pass_rate=${summary.pass_rate.toFixed(3)} bytes=${summary.bytes} chars=${summary.text_chars} dupes=${summary.duplicate_pages} p50=${summary.p50_ms}ms p95=${summary.p95_ms}ms`,
    │                                                                                                                                                                                          ^^^^^^^
    │
    = Strings that start with a single space followed by text like " foo" are often 
      unintentional typos and can cause display issues.
      
      This rule ignores:
      - Multi-line string indentation (2+ spaces or tabs)
      - Format strings with placeholders
      
      To disable this rule:
      - Line: add // ast-grep-ignore: no-leading-whitespace-strings on the line before
      - Block: wrap code with // ast-grep-ignore-start and // ast-grep-ignore-end

warning[no-leading-whitespace-strings]: String literals should not start with leading whitespace. Found: ' p50='
    ┌─ apps/mcp-docs-indexer/scripts/eval-mcp.ts:914:213
    │
914 │         `score=${summary.score}/${summary.max_score} pass=${summary.passed}/${summary.total} pass_rate=${summary.pass_rate.toFixed(3)} bytes=${summary.bytes} chars=${summary.text_chars} dupes=${summary.duplicate_pages} p50=${summary.p50_ms}ms p95=${summary.p95_ms}ms`,
    │                                                                                                                                                                                                                           ^^^^^
    │
    = Strings that start with a single space followed by text like " foo" are often 
      unintentional typos and can cause display issues.
      
      This rule ignores:
      - Multi-line string indentation (2+ spaces or tabs)
      - Format strings with placeholders
      
      To disable this rule:
      - Line: add // ast-grep-ignore: no-leading-whitespace-strings on the line before
      - Block: wrap code with // ast-grep-ignore-start and // ast-grep-ignore-end

warning[no-leading-whitespace-strings]: String literals should not start with leading whitespace. Found: ' AI Search metadata fields on '
   ┌─ apps/mcp-docs-indexer/scripts/configure-ai-search-metadata.ts:47:30
   │
47 │     `Configured ${schema.length} AI Search metadata fields on ${namespace}/${instanceId}`,
   │                                 ^^^^^^^^^^^^^^^^^^^^^^^^^^^^^^
   │
   = Strings that start with a single space followed by text like " foo" are often 
     unintentional typos and can cause display issues.
     
     This rule ignores:
     - Multi-line string indentation (2+ spaces or tabs)
     - Format strings with placeholders
     
     To disable this rule:
     - Line: add // ast-grep-ignore: no-leading-whitespace-strings on the line before
     - Block: wrap code with // ast-grep-ignore-start and // ast-grep-ignore-end

warning[no-leading-whitespace-strings]: String literals should not start with leading whitespace. Found: ' is required'
   ┌─ apps/mcp-docs-indexer/scripts/configure-ai-search-metadata.ts:52:38
   │
52 │     if (!value) throw new Error(`${name} is required`)
   │                                         ^^^^^^^^^^^^
   │
   = Strings that start with a single space followed by text like " foo" are often 
     unintentional typos and can cause display issues.
     
     This rule ignores:
     - Multi-line string indentation (2+ spaces or tabs)
     - Format strings with placeholders
     
     To disable this rule:
     - Line: add // ast-grep-ignore: no-leading-whitespace-strings on the line before
     - Block: wrap code with // ast-grep-ignore-start and // ast-grep-ignore-end

warning[no-leading-whitespace-strings]: String literals should not start with leading whitespace. Found: ' must be an object'
   ┌─ apps/mcp-docs-indexer/scripts/configure-ai-search-metadata.ts:63:51
   │
63 │             throw new Error(`metadata schema field ${index} must be an object`)
   │                                                            ^^^^^^^^^^^^^^^^^^
   │
   = Strings that start with a single space followed by text like " foo" are often 
     unintentional typos and can cause display issues.
     
     This rule ignores:
     - Multi-line string indentation (2+ spaces or tabs)
     - Format strings with placeholders
     
     To disable this rule:
     - Line: add // ast-grep-ignore: no-leading-whitespace-strings on the line before
     - Block: wrap code with // ast-grep-ignore-start and // ast-grep-ignore-end

warning[no-leading-whitespace-strings]: String literals should not start with leading whitespace. Found: ' has invalid field_name'
   ┌─ apps/mcp-docs-indexer/scripts/configure-ai-search-metadata.ts:70:51
   │
70 │             throw new Error(`metadata schema field ${index} has invalid field_name`)
   │                                                            ^^^^^^^^^^^^^^^^^^^^^^^
   │
   = Strings that start with a single space followed by text like " foo" are often 
     unintentional typos and can cause display issues.
     
     This rule ignores:
     - Multi-line string indentation (2+ spaces or tabs)
     - Format strings with placeholders
     
     To disable this rule:
     - Line: add // ast-grep-ignore: no-leading-whitespace-strings on the line before
     - Block: wrap code with // ast-grep-ignore-start and // ast-grep-ignore-end

warning[no-leading-whitespace-strings]: String literals should not start with leading whitespace. Found: ' has invalid data_type'
   ┌─ apps/mcp-docs-indexer/scripts/configure-ai-search-metadata.ts:78:51
   │
78 │             throw new Error(`metadata schema field ${index} has invalid data_type`)
   │                                                            ^^^^^^^^^^^^^^^^^^^^^^
   │
   = Strings that start with a single space followed by text like " foo" are often 
     unintentional typos and can cause display issues.
     
     This rule ignores:
     - Multi-line string indentation (2+ spaces or tabs)
     - Format strings with placeholders
     
     To disable this rule:
     - Line: add // ast-grep-ignore: no-leading-whitespace-strings on the line before
     - Block: wrap code with // ast-grep-ignore-start and // ast-grep-ignore-end

warning[no-leading-whitespace-strings]: String literals should not start with leading whitespace. Found: ' uses a reserved name'
   ┌─ apps/mcp-docs-indexer/scripts/configure-ai-search-metadata.ts:81:51
   │
81 │             throw new Error(`metadata schema field ${index} uses a reserved name`)
   │                                                            ^^^^^^^^^^^^^^^^^^^^^
   │
   = Strings that start with a single space followed by text like " foo" are often 
     unintentional typos and can cause display issues.
     
     This rule ignores:
     - Multi-line string indentation (2+ spaces or tabs)
     - Format strings with placeholders
     
     To disable this rule:
     - Line: add // ast-grep-ignore: no-leading-whitespace-strings on the line before
     - Block: wrap code with // ast-grep-ignore-start and // ast-grep-ignore-end

warning[no-leading-whitespace-strings]: String literals should not start with leading whitespace. Found: ' ...'
    ┌─ apps/mcp-docs-indexer/src/lib/mcp.test.ts:843:30
    │
843 │         expect(chunkText.endsWith(' ...')).toBe(true)
    │                                    ^^^^
    │
    = Strings that start with a single space followed by text like " foo" are often 
      unintentional typos and can cause display issues.
      
      This rule ignores:
      - Multi-line string indentation (2+ spaces or tabs)
      - Format strings with placeholders
      
      To disable this rule:
      - Line: add // ast-grep-ignore: no-leading-whitespace-strings on the line before
      - Block: wrap code with // ast-grep-ignore-start and // ast-grep-ignore-end

warning[no-leading-whitespace-strings]: String literals should not start with leading whitespace. Found: ' bytes'
   ┌─ apps/explorer/src/routes/api/simulate.ts:31:81
   │
31 │                 message: `Calldata exceeds ${MAX_SIMULATION_CALLDATA_BYTES.toLocaleString()} bytes`,
   │                                                                                             ^^^^^^
   │
   = Strings that start with a single space followed by text like " foo" are often 
     unintentional typos and can cause display issues.
     
     This rule ignores:
     - Multi-line string indentation (2+ spaces or tabs)
     - Format strings with placeholders
     
     To disable this rule:
     - Line: add // ast-grep-ignore: no-leading-whitespace-strings on the line before
     - Block: wrap code with // ast-grep-ignore-start and // ast-grep-ignore-end

warning[no-leading-whitespace-strings]: String literals should not start with leading whitespace. Found: ' — '
    ┌─ apps/explorer/src/routes/api/simulate.ts:159:49
    │
159 │     return `${method}: ${error.message}${detail ? ` — ${detail}` : ''}`
    │                                                    ^^^
    │
    = Strings that start with a single space followed by text like " foo" are often 
      unintentional typos and can cause display issues.
      
      This rule ignores:
      - Multi-line string indentation (2+ spaces or tabs)
      - Format strings with placeholders
      
      To disable this rule:
      - Line: add // ast-grep-ignore: no-leading-whitespace-strings on the line before
      - Block: wrap code with // ast-grep-ignore-start and // ast-grep-ignore-end

warning[no-leading-whitespace-strings]: String literals should not start with leading whitespace. Found: ' is not supported'
    ┌─ apps/contract-verification/src/route.verify.ts:194:40
    │
194 │                     `The chain with chainId ${chainId} is not supported`,
    │                                                       ^^^^^^^^^^^^^^^^^
    │
    = Strings that start with a single space followed by text like " foo" are often 
      unintentional typos and can cause display issues.
      
      This rule ignores:
      - Multi-line string indentation (2+ spaces or tabs)
      - Format strings with placeholders
      
      To disable this rule:
      - Line: add // ast-grep-ignore: no-leading-whitespace-strings on the line before
      - Block: wrap code with // ast-grep-ignore-start and // ast-grep-ignore-end

warning[no-leading-whitespace-strings]: String literals should not start with leading whitespace. Found: ' on chain '
    ┌─ apps/contract-verification/src/route.verify.ts:262:26
    │
262 │                     `Contract ${address} on chain ${chainId} is already verified with runtimeMatch ${runtimeMatch} and creationMatch ${creationMatch}.`,
    │                                         ^^^^^^^^^^
    │
    = Strings that start with a single space followed by text like " foo" are often 
      unintentional typos and can cause display issues.
      
      This rule ignores:
      - Multi-line string indentation (2+ spaces or tabs)
      - Format strings with placeholders
      
      To disable this rule:
      - Line: add // ast-grep-ignore: no-leading-whitespace-strings on the line before
      - Block: wrap code with // ast-grep-ignore-start and // ast-grep-ignore-end

warning[no-leading-whitespace-strings]: String literals should not start with leading whitespace. Found: ' is already verified with runtimeMatch '
    ┌─ apps/contract-verification/src/route.verify.ts:262:46
    │
262 │                     `Contract ${address} on chain ${chainId} is already verified with runtimeMatch ${runtimeMatch} and creationMatch ${creationMatch}.`,
    │                                                             ^^^^^^^^^^^^^^^^^^^^^^^^^^^^^^^^^^^^^^^
    │
    = Strings that start with a single space followed by text like " foo" are often 
      unintentional typos and can cause display issues.
      
      This rule ignores:
      - Multi-line string indentation (2+ spaces or tabs)
      - Format strings with placeholders
      
      To disable this rule:
      - Line: add // ast-grep-ignore: no-leading-whitespace-strings on the line before
      - Block: wrap code with // ast-grep-ignore-start and // ast-grep-ignore-end

warning[no-leading-whitespace-strings]: String literals should not start with leading whitespace. Found: ' and creationMatch '
    ┌─ apps/contract-verification/src/route.verify.ts:262:100
    │
262 │                     `Contract ${address} on chain ${chainId} is already verified with runtimeMatch ${runtimeMatch} and creationMatch ${creationMatch}.`,
    │                                                                                                                   ^^^^^^^^^^^^^^^^^^^
    │
    = Strings that start with a single space followed by text like " foo" are often 
      unintentional typos and can cause display issues.
      
      This rule ignores:
      - Multi-line string indentation (2+ spaces or tabs)
      - Format strings with placeholders
      
      To disable this rule:
      - Line: add // ast-grep-ignore: no-leading-whitespace-strings on the line before
      - Block: wrap code with // ast-grep-ignore-start and // ast-grep-ignore-end

warning[no-leading-whitespace-strings]: String literals should not start with leading whitespace. Found: ' on chain '
    ┌─ apps/contract-verification/src/route.verify.ts:292:27
    │
292 │                         `Contract ${address} on chain ${chainId} is already being verified.`,
    │                                             ^^^^^^^^^^
    │
    = Strings that start with a single space followed by text like " foo" are often 
      unintentional typos and can cause display issues.
      
      This rule ignores:
      - Multi-line string indentation (2+ spaces or tabs)
      - Format strings with placeholders
      
      To disable this rule:
      - Line: add // ast-grep-ignore: no-leading-whitespace-strings on the line before
      - Block: wrap code with // ast-grep-ignore-start and // ast-grep-ignore-end

warning[no-leading-whitespace-strings]: String literals should not start with leading whitespace. Found: ' is already being verified.'
    ┌─ apps/contract-verification/src/route.verify.ts:292:47
    │
292 │                         `Contract ${address} on chain ${chainId} is already being verified.`,
    │                                                                 ^^^^^^^^^^^^^^^^^^^^^^^^^^^
    │
    = Strings that start with a single space followed by text like " foo" are often 
      unintentional typos and can cause display issues.
      
      This rule ignores:
      - Multi-line string indentation (2+ spaces or tabs)
      - Format strings with placeholders
      
      To disable this rule:
      - Line: add // ast-grep-ignore: no-leading-whitespace-strings on the line before
      - Block: wrap code with // ast-grep-ignore-start and // ast-grep-ignore-end

warning[no-leading-whitespace-strings]: String literals should not start with leading whitespace. Found: ' is not supported'
    ┌─ apps/contract-verification/src/route.verify.ts:686:37
    │
686 │             throw new Error(`Chain ${chainId} is not supported`)
    │                                              ^^^^^^^^^^^^^^^^^
    │
    = Strings that start with a single space followed by text like " foo" are often 
      unintentional typos and can cause display issues.
      
      This rule ignores:
      - Multi-line string indentation (2+ spaces or tabs)
      - Format strings with placeholders
      
      To disable this rule:
      - Line: add // ast-grep-ignore: no-leading-whitespace-strings on the line before
      - Block: wrap code with // ast-grep-ignore-start and // ast-grep-ignore-end

warning[no-leading-whitespace-strings]: String literals should not start with leading whitespace. Found: ' on chain '
    ┌─ apps/contract-verification/src/route.verify.ts:713:56
    │
713 │                         message: `No bytecode found at address ${address} on chain ${chainId}`,
    │                                                                          ^^^^^^^^^^
    │
    = Strings that start with a single space followed by text like " foo" are often 
      unintentional typos and can cause display issues.
      
      This rule ignores:
      - Multi-line string indentation (2+ spaces or tabs)
      - Format strings with placeholders
      
      To disable this rule:
      - Line: add // ast-grep-ignore: no-leading-whitespace-strings on the line before
      - Block: wrap code with // ast-grep-ignore-start and // ast-grep-ignore-end

warning[no-leading-whitespace-strings]: String literals should not start with leading whitespace. Found: ' in '
    ┌─ apps/contract-verification/src/route.verify.ts:828:47
    │
828 │                         message: `Could not find ${contractName} in ${contractPath}`,
    │                                                                 ^^^^
    │
    = Strings that start with a single space followed by text like " foo" are often 
      unintentional typos and can cause display issues.
      
      This rule ignores:
      - Multi-line string indentation (2+ spaces or tabs)
      - Format strings with placeholders
      
      To disable this rule:
      - Line: add // ast-grep-ignore: no-leading-whitespace-strings on the line before
      - Block: wrap code with // ast-grep-ignore-start and // ast-grep-ignore-end

warning[no-await-in-loop]: Avoid await inside loops. Consider Promise.all() for parallel execution.
     ┌─ apps/contract-verification/src/route.verify.ts:1146:6
     │  
1142 │ ╭             for (const [sourcePath, sourceData] of filteredSourceEntries) {
     · │
1146 │ │                     await globalThis.crypto.subtle.digest('SHA-256', contentBytes),
     │ │                     ^^^^^^^^^^^^^^^^^^^^^^^^^^^^^^^^^^^^^^^^^^^^^^^^^^^^^^^^^^^^^^
     · │
1173 │ │             }
     │ ╰─────────────'
     │  
     = Using await in a loop executes promises sequentially, which is often
       slower than running them in parallel.
       
       Bad:
       for (const item of items) {                      
         await processItem(item);  // Sequential - slow!
       }                                                
       
       Good:
       await Promise.all(items.map(item => processItem(item)));  // Parallel
       
       If sequential execution is intentional (e.g., rate limiting),
       disable this rule with a comment explaining why.
       
       To disable this rule:
       - Line: add // ast-grep-ignore: no-await-in-loop on the line before

warning[no-await-in-loop]: Avoid await inside loops. Consider Promise.all() for parallel execution.
     ┌─ apps/contract-verification/src/route.verify.ts:1152:5
     │    
1142 │   ╭             for (const [sourcePath, sourceData] of filteredSourceEntries) {
     ·   │
1152 │ ╭ │                 await db
     · │ │
1161 │ │ │                     .onConflictDoNothing()
     │ ╰─│──────────────────────────────────────────^
     ·   │
1173 │   │             }
     │   ╰─────────────'
     │    
     = Using await in a loop executes promises sequentially, which is often
       slower than running them in parallel.
       
       Bad:
       for (const item of items) {                      
         await processItem(item);  // Sequential - slow!
       }                                                
       
       Good:
       await Promise.all(items.map(item => processItem(item)));  // Parallel
       
       If sequential execution is intentional (e.g., rate limiting),
       disable this rule with a comment explaining why.
       
       To disable this rule:
       - Line: add // ast-grep-ignore: no-await-in-loop on the line before

warning[no-await-in-loop]: Avoid await inside loops. Consider Promise.all() for parallel execution.
     ┌─ apps/contract-verification/src/route.verify.ts:1164:5
     │    
1142 │   ╭             for (const [sourcePath, sourceData] of filteredSourceEntries) {
     ·   │
1164 │ ╭ │                 await db
     · │ │
1172 │ │ │                     .onConflictDoNothing()
     │ ╰─│──────────────────────────────────────────^
1173 │   │             }
     │   ╰─────────────'
     │    
     = Using await in a loop executes promises sequentially, which is often
       slower than running them in parallel.
       
       Bad:
       for (const item of items) {                      
         await processItem(item);  // Sequential - slow!
       }                                                
       
       Good:
       await Promise.all(items.map(item => processItem(item)));  // Parallel
       
       If sequential execution is intentional (e.g., rate limiting),
       disable this rule with a comment explaining why.
       
       To disable this rule:
       - Line: add // ast-grep-ignore: no-await-in-loop on the line before

warning[no-await-in-loop]: Avoid await inside loops. Consider Promise.all() for parallel execution.
    ┌─ apps/fee-payer/test/api-keys.test.ts:433:12
    │  
432 │ ╭         for (let i = 0; i < 20; i++) {
433 │ │             spend = await env.SponsorApiKeyStore.get(`spend:${key}:${today}`)
    │ │                     ^^^^^^^^^^^^^^^^^^^^^^^^^^^^^^^^^^^^^^^^^^^^^^^^^^^^^^^^^
    · │
436 │ │         }
    │ ╰─────────'
    │  
    = Using await in a loop executes promises sequentially, which is often
      slower than running them in parallel.
      
      Bad:
      for (const item of items) {                      
        await processItem(item);  // Sequential - slow!
      }                                                
      
      Good:
      await Promise.all(items.map(item => processItem(item)));  // Parallel
      
      If sequential execution is intentional (e.g., rate limiting),
      disable this rule with a comment explaining why.
      
      To disable this rule:
      - Line: add // ast-grep-ignore: no-await-in-loop on the line before

warning[no-await-in-loop]: Avoid await inside loops. Consider Promise.all() for parallel execution.
    ┌─ apps/fee-payer/test/api-keys.test.ts:435:4
    │  
432 │ ╭         for (let i = 0; i < 20; i++) {
    · │
435 │ │             await new Promise((r) => setTimeout(r, 100))
    │ │             ^^^^^^^^^^^^^^^^^^^^^^^^^^^^^^^^^^^^^^^^^^^^
436 │ │         }
    │ ╰─────────'
    │  
    = Using await in a loop executes promises sequentially, which is often
      slower than running them in parallel.
      
      Bad:
      for (const item of items) {                      
        await processItem(item);  // Sequential - slow!
      }                                                
      
      Good:
      await Promise.all(items.map(item => processItem(item)));  // Parallel
      
      If sequential execution is intentional (e.g., rate limiting),
      disable this rule with a comment explaining why.
      
      To disable this rule:
      - Line: add // ast-grep-ignore: no-await-in-loop on the line before

warning[no-await-in-loop]: Avoid await inside loops. Consider Promise.all() for parallel execution.
    ┌─ apps/fee-payer/test/api-keys.test.ts:458:17
    │  
457 │ ╭             for (let i = 0; i < 30; i++) {
458 │ │                 const raw = await env.SponsorApiKeyStore.get(`spend:${key}:lifetime`)
    │ │                             ^^^^^^^^^^^^^^^^^^^^^^^^^^^^^^^^^^^^^^^^^^^^^^^^^^^^^^^^^
    · │
461 │ │             }
    │ ╰─────────────'
    │  
    = Using await in a loop executes promises sequentially, which is often
      slower than running them in parallel.
      
      Bad:
      for (const item of items) {                      
        await processItem(item);  // Sequential - slow!
      }                                                
      
      Good:
      await Promise.all(items.map(item => processItem(item)));  // Parallel
      
      If sequential execution is intentional (e.g., rate limiting),
      disable this rule with a comment explaining why.
      
      To disable this rule:
      - Line: add // ast-grep-ignore: no-await-in-loop on the line before

warning[no-await-in-loop]: Avoid await inside loops. Consider Promise.all() for parallel execution.
    ┌─ apps/fee-payer/test/api-keys.test.ts:460:5
    │  
457 │ ╭             for (let i = 0; i < 30; i++) {
    · │
460 │ │                 await new Promise((r) => setTimeout(r, 100))
    │ │                 ^^^^^^^^^^^^^^^^^^^^^^^^^^^^^^^^^^^^^^^^^^^^
461 │ │             }
    │ ╰─────────────'
    │  
    = Using await in a loop executes promises sequentially, which is often
      slower than running them in parallel.
      
      Bad:
      for (const item of items) {                      
        await processItem(item);  // Sequential - slow!
      }                                                
      
      Good:
      await Promise.all(items.map(item => processItem(item)));  // Parallel
      
      If sequential execution is intentional (e.g., rate limiting),
      disable this rule with a comment explaining why.
      
      To disable this rule:
      - Line: add // ast-grep-ignore: no-await-in-loop on the line before

warning[no-await-in-loop]: Avoid await inside loops. Consider Promise.all() for parallel execution.
   ┌─ apps/mcp-docs-indexer/src/lib/health.ts:52:48
   │
52 │     for (const [name, fn] of checks) results.push(await measure(name, fn))
   │     ----------------------------------------------^^^^^^^^^^^^^^^^^^^^^^^-
   │
   = Using await in a loop executes promises sequentially, which is often
     slower than running them in parallel.
     
     Bad:
     for (const item of items) {                      
       await processItem(item);  // Sequential - slow!
     }                                                
     
     Good:
     await Promise.all(items.map(item => processItem(item)));  // Parallel
     
     If sequential execution is intentional (e.g., rate limiting),
     disable this rule with a comment explaining why.
     
     To disable this rule:
     - Line: add // ast-grep-ignore: no-await-in-loop on the line before

warning[no-await-in-loop]: Avoid await inside loops. Consider Promise.all() for parallel execution.
    ┌─ apps/explorer/src/routes/api/code.ts:198:25
    │  
188 │ ╭                 for (const [fileName, source] of Object.entries(getSourceFiles(data))) {
    · │
198 │ │                             highlightedHtml: await processHighlightedHtml(html),
    │ │                                              ^^^^^^^^^^^^^^^^^^^^^^^^^^^^^^^^^^
    · │
204 │ │                 }
    │ ╰─────────────────'
    │  
    = Using await in a loop executes promises sequentially, which is often
      slower than running them in parallel.
      
      Bad:
      for (const item of items) {                      
        await processItem(item);  // Sequential - slow!
      }                                                
      
      Good:
      await Promise.all(items.map(item => processItem(item)));  // Parallel
      
      If sequential execution is intentional (e.g., rate limiting),
      disable this rule with a comment explaining why.
      
      To disable this rule:
      - Line: add // ast-grep-ignore: no-await-in-loop on the line before

warning[no-await-in-loop]: Avoid await inside loops. Consider Promise.all() for parallel execution.
    ┌─ apps/mcp-docs-indexer/scripts/benchmark-mcp.ts:183:17
    │  
182 │ ╭         for (const variant of variantsFor(fixture)) {
183 │ │             results.push(await runFixture(fixture, variant))
    │ │                          ^^^^^^^^^^^^^^^^^^^^^^^^^^^^^^^^^^
184 │ │         }
    │ ╰─────────'
    │  
    = Using await in a loop executes promises sequentially, which is often
      slower than running them in parallel.
      
      Bad:
      for (const item of items) {                      
        await processItem(item);  // Sequential - slow!
      }                                                
      
      Good:
      await Promise.all(items.map(item => processItem(item)));  // Parallel
      
      If sequential execution is intentional (e.g., rate limiting),
      disable this rule with a comment explaining why.
      
      To disable this rule:
      - Line: add // ast-grep-ignore: no-await-in-loop on the line before

warning[no-await-in-loop]: Avoid await inside loops. Consider Promise.all() for parallel execution.
    ┌─ apps/mcp-docs-indexer/scripts/benchmark-mcp.ts:186:17
    │  
181 │ ╭     for (const fixture of fixtures) {
    · │
186 │ │             results.push(await runFindPagesFixture(fixture))
    │ │                          ^^^^^^^^^^^^^^^^^^^^^^^^^^^^^^^^^^
187 │ │         }
188 │ │     }
    │ ╰─────'
    │  
    = Using await in a loop executes promises sequentially, which is often
      slower than running them in parallel.
      
      Bad:
      for (const item of items) {                      
        await processItem(item);  // Sequential - slow!
      }                                                
      
      Good:
      await Promise.all(items.map(item => processItem(item)));  // Parallel
      
      If sequential execution is intentional (e.g., rate limiting),
      disable this rule with a comment explaining why.
      
      To disable this rule:
      - Line: add // ast-grep-ignore: no-await-in-loop on the line before

warning[no-await-in-loop]: Avoid await inside loops. Consider Promise.all() for parallel execution.
    ┌─ apps/mcp-docs-indexer/scripts/benchmark-mcp.ts:190:16
    │  
189 │ ╭     for (const fixture of pageFixtures) {
190 │ │         results.push(await runReadPageFixture(fixture, { name: 'default' }))
    │ │                      ^^^^^^^^^^^^^^^^^^^^^^^^^^^^^^^^^^^^^^^^^^^^^^^^^^^^^^
    · │
213 │ │     }
    │ ╰─────'
    │  
    = Using await in a loop executes promises sequentially, which is often
      slower than running them in parallel.
      
      Bad:
      for (const item of items) {                      
        await processItem(item);  // Sequential - slow!
      }                                                
      
      Good:
      await Promise.all(items.map(item => processItem(item)));  // Parallel
      
      If sequential execution is intentional (e.g., rate limiting),
      disable this rule with a comment explaining why.
      
      To disable this rule:
      - Line: add // ast-grep-ignore: no-await-in-loop on the line before

warning[no-await-in-loop]: Avoid await inside loops. Consider Promise.all() for parallel execution.
    ┌─ apps/mcp-docs-indexer/scripts/benchmark-mcp.ts:192:4
    │    
189 │   ╭     for (const fixture of pageFixtures) {
    ·   │
192 │ ╭ │             await runReadPageFixture(fixture, {
    · │ │
195 │ │ │             }),
    │ ╰─│──────────────^
    ·   │
213 │   │     }
    │   ╰─────'
    │    
    = Using await in a loop executes promises sequentially, which is often
      slower than running them in parallel.
      
      Bad:
      for (const item of items) {                      
        await processItem(item);  // Sequential - slow!
      }                                                
      
      Good:
      await Promise.all(items.map(item => processItem(item)));  // Parallel
      
      If sequential execution is intentional (e.g., rate limiting),
      disable this rule with a comment explaining why.
      
      To disable this rule:
      - Line: add // ast-grep-ignore: no-await-in-loop on the line before

warning[no-await-in-loop]: Avoid await inside loops. Consider Promise.all() for parallel execution.
    ┌─ apps/mcp-docs-indexer/scripts/benchmark-mcp.ts:198:4
    │    
189 │   ╭     for (const fixture of pageFixtures) {
    ·   │
198 │ ╭ │             await runReadPageFixture(fixture, {
    · │ │
201 │ │ │             }),
    │ ╰─│──────────────^
    ·   │
213 │   │     }
    │   ╰─────'
    │    
    = Using await in a loop executes promises sequentially, which is often
      slower than running them in parallel.
      
      Bad:
      for (const item of items) {                      
        await processItem(item);  // Sequential - slow!
      }                                                
      
      Good:
      await Promise.all(items.map(item => processItem(item)));  // Parallel
      
      If sequential execution is intentional (e.g., rate limiting),
      disable this rule with a comment explaining why.
      
      To disable this rule:
      - Line: add // ast-grep-ignore: no-await-in-loop on the line before

warning[no-await-in-loop]: Avoid await inside loops. Consider Promise.all() for parallel execution.
    ┌─ apps/mcp-docs-indexer/scripts/benchmark-mcp.ts:204:4
    │    
189 │   ╭     for (const fixture of pageFixtures) {
    ·   │
204 │ ╭ │             await runReadPageFixture(fixture, {
    · │ │
211 │ │ │             }),
    │ ╰─│──────────────^
212 │   │         )
213 │   │     }
    │   ╰─────'
    │    
    = Using await in a loop executes promises sequentially, which is often
      slower than running them in parallel.
      
      Bad:
      for (const item of items) {                      
        await processItem(item);  // Sequential - slow!
      }                                                
      
      Good:
      await Promise.all(items.map(item => processItem(item)));  // Parallel
      
      If sequential execution is intentional (e.g., rate limiting),
      disable this rule with a comment explaining why.
      
      To disable this rule:
      - Line: add // ast-grep-ignore: no-await-in-loop on the line before

warning[no-leading-whitespace-strings]: String literals should not start with leading whitespace. Found: ' > '
    ┌─ apps/mcp-docs-indexer/scripts/benchmark-mcp.ts:683:34
    │
683 │                 `too many bytes: ${row.bytes} > ${DEFAULT_SEARCH_MAX_BYTES}`,
    │                                              ^^^
    │
    = Strings that start with a single space followed by text like " foo" are often 
      unintentional typos and can cause display issues.
      
      This rule ignores:
      - Multi-line string indentation (2+ spaces or tabs)
      - Format strings with placeholders
      
      To disable this rule:
      - Line: add // ast-grep-ignore: no-leading-whitespace-strings on the line before
      - Block: wrap code with // ast-grep-ignore-start and // ast-grep-ignore-end

warning[no-leading-whitespace-strings]: String literals should not start with leading whitespace. Found: ' > '
    ┌─ apps/mcp-docs-indexer/scripts/benchmark-mcp.ts:688:44
    │
688 │                 `too many text chars: ${row.text_chars} > ${DEFAULT_SEARCH_MAX_TEXT_CHARS}`,
    │                                                        ^^^
    │
    = Strings that start with a single space followed by text like " foo" are often 
      unintentional typos and can cause display issues.
      
      This rule ignores:
      - Multi-line string indentation (2+ spaces or tabs)
      - Format strings with placeholders
      
      To disable this rule:
      - Line: add // ast-grep-ignore: no-leading-whitespace-strings on the line before
      - Block: wrap code with // ast-grep-ignore-start and // ast-grep-ignore-end

warning[no-leading-whitespace-strings]: String literals should not start with leading whitespace. Found: ' > '
    ┌─ apps/mcp-docs-indexer/scripts/benchmark-mcp.ts:697:47
    │
697 │             failures.push(`too many bytes: ${row.bytes} > ${FIND_PAGES_MAX_BYTES}`)
    │                                                        ^^^
    │
    = Strings that start with a single space followed by text like " foo" are often 
      unintentional typos and can cause display issues.
      
      This rule ignores:
      - Multi-line string indentation (2+ spaces or tabs)
      - Format strings with placeholders
      
      To disable this rule:
      - Line: add // ast-grep-ignore: no-leading-whitespace-strings on the line before
      - Block: wrap code with // ast-grep-ignore-start and // ast-grep-ignore-end

warning[no-leading-whitespace-strings]: String literals should not start with leading whitespace. Found: ' > '
    ┌─ apps/mcp-docs-indexer/scripts/benchmark-mcp.ts:705:47
    │
705 │             failures.push(`too many bytes: ${row.bytes} > ${maxBytes}`)
    │                                                        ^^^
    │
    = Strings that start with a single space followed by text like " foo" are often 
      unintentional typos and can cause display issues.
      
      This rule ignores:
      - Multi-line string indentation (2+ spaces or tabs)
      - Format strings with placeholders
      
      To disable this rule:
      - Line: add // ast-grep-ignore: no-leading-whitespace-strings on the line before
      - Block: wrap code with // ast-grep-ignore-start and // ast-grep-ignore-end

warning[no-leading-whitespace-strings]: String literals should not start with leading whitespace. Found: ' > '
    ┌─ apps/mcp-docs-indexer/scripts/benchmark-mcp.ts:708:57
    │
708 │             failures.push(`too many text chars: ${row.text_chars} > ${maxTextChars}`)
    │                                                                  ^^^
    │
    = Strings that start with a single space followed by text like " foo" are often 
      unintentional typos and can cause display issues.
      
      This rule ignores:
      - Multi-line string indentation (2+ spaces or tabs)
      - Format strings with placeholders
      
      To disable this rule:
      - Line: add // ast-grep-ignore: no-leading-whitespace-strings on the line before
      - Block: wrap code with // ast-grep-ignore-start and // ast-grep-ignore-end

warning[no-leading-whitespace-strings]: String literals should not start with leading whitespace. Found: ' after '
   ┌─ apps/fee-payer/test/setup.global.ts:40:34
   │
40 │         `Tempo not responding at ${url} after ${maxRetries} retries. Is Docker running?`,
   │                                        ^^^^^^^
   │
   = Strings that start with a single space followed by text like " foo" are often 
     unintentional typos and can cause display issues.
     
     This rule ignores:
     - Multi-line string indentation (2+ spaces or tabs)
     - Format strings with placeholders
     
     To disable this rule:
     - Line: add // ast-grep-ignore: no-leading-whitespace-strings on the line before
     - Block: wrap code with // ast-grep-ignore-start and // ast-grep-ignore-end

warning[no-leading-whitespace-strings]: String literals should not start with leading whitespace. Found: ' retries. Is Docker running?'
   ┌─ apps/fee-payer/test/setup.global.ts:40:54
   │
40 │         `Tempo not responding at ${url} after ${maxRetries} retries. Is Docker running?`,
   │                                                            ^^^^^^^^^^^^^^^^^^^^^^^^^^^^
   │
   = Strings that start with a single space followed by text like " foo" are often 
     unintentional typos and can cause display issues.
     
     This rule ignores:
     - Multi-line string indentation (2+ spaces or tabs)
     - Format strings with placeholders
     
     To disable this rule:
     - Line: add // ast-grep-ignore: no-leading-whitespace-strings on the line before
     - Block: wrap code with // ast-grep-ignore-start and // ast-grep-ignore-end

warning[no-console-log]: Avoid console.log in production code. Use structured logging instead.
   ┌─ apps/fee-payer/test/setup.global.ts:31:5
   │
31 │                 console.log('[globalSetup] Tempo is ready')
   │                 ^^^^^^^^^^^^^^^^^^^^^^^^^^^^^^^^^^^^^^^^^^^
   │
   = console.log is not suitable for production:
     - No log levels
     - No structured data
     - Cannot be configured/disabled
     
     Use a proper logging library instead (pino, winston, etc.)
     
     To disable this rule:
     - Line: add // ast-grep-ignore: no-console-log on the line before

warning[no-console-log]: Avoid console.log in production code. Use structured logging instead.
   ┌─ apps/fee-payer/test/setup.global.ts:52:2
   │  
52 │ ╭     console.log('[globalSetup] Starting local Tempo via Prool...', {
53 │ │         tempoTag,
54 │ │     })
   │ ╰──────^
   │  
   = console.log is not suitable for production:
     - No log levels
     - No structured data
     - Cannot be configured/disabled
     
     Use a proper logging library instead (pino, winston, etc.)
     
     To disable this rule:
     - Line: add // ast-grep-ignore: no-console-log on the line before

warning[no-console-log]: Avoid console.log in production code. Use structured logging instead.
   ┌─ apps/fee-payer/test/setup.global.ts:57:3
   │
57 │         console.log('[globalSetup] Server created, starting...')
   │         ^^^^^^^^^^^^^^^^^^^^^^^^^^^^^^^^^^^^^^^^^^^^^^^^^^^^^^^^
   │
   = console.log is not suitable for production:
     - No log levels
     - No structured data
     - Cannot be configured/disabled
     
     Use a proper logging library instead (pino, winston, etc.)
     
     To disable this rule:
     - Line: add // ast-grep-ignore: no-console-log on the line before

warning[no-console-log]: Avoid console.log in production code. Use structured logging instead.
   ┌─ apps/fee-payer/test/setup.global.ts:59:3
   │  
59 │ ╭         console.log(
60 │ │             '[globalSetup] Server started, waiting for Tempo to be ready...',
61 │ │         )
   │ ╰─────────^
   │  
   = console.log is not suitable for production:
     - No log levels
     - No structured data
     - Cannot be configured/disabled
     
     Use a proper logging library instead (pino, winston, etc.)
     
     To disable this rule:
     - Line: add // ast-grep-ignore: no-console-log on the line before

warning[no-await-in-loop]: Avoid await inside loops. Consider Promise.all() for parallel execution.
   ┌─ apps/fee-payer/test/setup.global.ts:21:21
   │    
19 │   ╭     for (let i = 0; i < maxRetries; i++) {
20 │   │         try {
21 │   │             const response = await fetch(url, {
   │ ╭─│──────────────────────────────^
   · │ │
29 │ │ │             })
   │ ╰─│──────────────^
   ·   │
38 │   │     }
   │   ╰─────'
   │    
   = Using await in a loop executes promises sequentially, which is often
     slower than running them in parallel.
     
     Bad:
     for (const item of items) {                      
       await processItem(item);  // Sequential - slow!
     }                                                
     
     Good:
     await Promise.all(items.map(item => processItem(item)));  // Parallel
     
     If sequential execution is intentional (e.g., rate limiting),
     disable this rule with a comment explaining why.
     
     To disable this rule:
     - Line: add // ast-grep-ignore: no-await-in-loop on the line before

warning[no-await-in-loop]: Avoid await inside loops. Consider Promise.all() for parallel execution.
   ┌─ apps/fee-payer/test/setup.global.ts:37:3
   │  
19 │ ╭     for (let i = 0; i < maxRetries; i++) {
   · │
37 │ │         await new Promise((r) => setTimeout(r, delayMs))
   │ │         ^^^^^^^^^^^^^^^^^^^^^^^^^^^^^^^^^^^^^^^^^^^^^^^^
38 │ │     }
   │ ╰─────'
   │  
   = Using await in a loop executes promises sequentially, which is often
     slower than running them in parallel.
     
     Bad:
     for (const item of items) {                      
       await processItem(item);  // Sequential - slow!
     }                                                
     
     Good:
     await Promise.all(items.map(item => processItem(item)));  // Parallel
     
     If sequential execution is intentional (e.g., rate limiting),
     disable this rule with a comment explaining why.
     
     To disable this rule:
     - Line: add // ast-grep-ignore: no-await-in-loop on the line before

apps/fee-payer/test/setup.global.ts
help[unused-suppression]: Unused 'ast-grep-ignore' directive.
@@ -12,7 +12,7 @@
13 13│ 	return `sha-${sha}`
14 14│ }
15 15│ 
16   │-// ast-grep-ignore-start
   16│+
17 17│ async function waitForTempo(maxRetries = 10, delayMs = 500): Promise<void> {
18 18│ 	const url = `http://localhost:${port}/1`
19 19│ 	for (let i = 0; i < maxRetries; i++) {
apps/fee-payer/test/setup.global.ts
help[unused-suppression]: Unused 'ast-grep-ignore' directive.
@@ -39,8 +39,8 @@
40 40│ 		`Tempo not responding at ${url} after ${maxRetries} retries. Is Docker running?`,
41 41│ 	)
42 42│ }
43   │-// ast-grep-ignore-end
44 43│ 
   44│+
45 45│ // ast-grep-ignore-start
46 46│ export default async function globalSetup() {
47 47│ 	if ((import.meta.env.TEMPO_ENV ?? 'localnet') !== 'localnet') return
apps/fee-payer/test/setup.global.ts
help[unused-suppression]: Unused 'ast-grep-ignore' directive.
@@ -41,7 +41,7 @@
42 42│ }
43 43│ // ast-grep-ignore-end
44 44│ 
45   │-// ast-grep-ignore-start
   45│+
46 46│ export default async function globalSetup() {
47 47│ 	if ((import.meta.env.TEMPO_ENV ?? 'localnet') !== 'localnet') return
48 48│ 
apps/fee-payer/test/setup.global.ts
help[unused-suppression]: Unused 'ast-grep-ignore' directive.
@@ -65,4 +65,4 @@
66 66│ 		throw error
67 67│ 	}
68 68│ }
69   │-// ast-grep-ignore-end
   69│+
warning[no-leading-whitespace-strings]: String literals should not start with leading whitespace. Found: ' is not supported'
    ┌─ apps/contract-verification/src/route.lookup.ts:713:40
    │
713 │                     `The chain with chainId ${chainId} is not supported`,
    │                                                       ^^^^^^^^^^^^^^^^^
    │
    = Strings that start with a single space followed by text like " foo" are often 
      unintentional typos and can cause display issues.
      
      This rule ignores:
      - Multi-line string indentation (2+ spaces or tabs)
      - Format strings with placeholders
      
      To disable this rule:
      - Line: add // ast-grep-ignore: no-leading-whitespace-strings on the line before
      - Block: wrap code with // ast-grep-ignore-start and // ast-grep-ignore-end

warning[no-leading-whitespace-strings]: String literals should not start with leading whitespace. Found: ' on chain '
    ┌─ apps/contract-verification/src/route.lookup.ts:812:26
    │
812 │                     `Contract ${address} on chain ${chainId} not found or not verified`,
    │                                         ^^^^^^^^^^
    │
    = Strings that start with a single space followed by text like " foo" are often 
      unintentional typos and can cause display issues.
      
      This rule ignores:
      - Multi-line string indentation (2+ spaces or tabs)
      - Format strings with placeholders
      
      To disable this rule:
      - Line: add // ast-grep-ignore: no-leading-whitespace-strings on the line before
      - Block: wrap code with // ast-grep-ignore-start and // ast-grep-ignore-end

warning[no-leading-whitespace-strings]: String literals should not start with leading whitespace. Found: ' not found or not verified'
    ┌─ apps/contract-verification/src/route.lookup.ts:812:46
    │
812 │                     `Contract ${address} on chain ${chainId} not found or not verified`,
    │                                                             ^^^^^^^^^^^^^^^^^^^^^^^^^^
    │
    = Strings that start with a single space followed by text like " foo" are often 
      unintentional typos and can cause display issues.
      
      This rule ignores:
      - Multi-line string indentation (2+ spaces or tabs)
      - Format strings with placeholders
      
      To disable this rule:
      - Line: add // ast-grep-ignore: no-leading-whitespace-strings on the line before
      - Block: wrap code with // ast-grep-ignore-start and // ast-grep-ignore-end

warning[no-leading-whitespace-strings]: String literals should not start with leading whitespace. Found: ' is not supported'
     ┌─ apps/contract-verification/src/route.lookup.ts:1106:39
     │
1106 │                 `The chain with chainId ${chainId} is not supported`,
     │                                                   ^^^^^^^^^^^^^^^^^
     │
     = Strings that start with a single space followed by text like " foo" are often 
       unintentional typos and can cause display issues.
       
       This rule ignores:
       - Multi-line string indentation (2+ spaces or tabs)
       - Format strings with placeholders
       
       To disable this rule:
       - Line: add // ast-grep-ignore: no-leading-whitespace-strings on the line before
       - Block: wrap code with // ast-grep-ignore-start and // ast-grep-ignore-end

warning[no-await-in-loop]: Avoid await inside loops. Consider Promise.all() for parallel execution.
   ┌─ apps/fee-payer/test/rate-limit.test.ts:62:4
   │  
61 │ ╭         for (let index = 0; index < 1_000; index++)
62 │ │             await env.AddressRateLimiter.limit({ key: clientIp })
   │ │             ^^^^^^^^^^^^^^^^^^^^^^^^^^^^^^^^^^^^^^^^^^^^^^^^^^^^^
   │ ╰─────────────────────────────────────────────────────────────────'
   │  
   = Using await in a loop executes promises sequentially, which is often
     slower than running them in parallel.
     
     Bad:
     for (const item of items) {                      
       await processItem(item);  // Sequential - slow!
     }                                                
     
     Good:
     await Promise.all(items.map(item => processItem(item)));  // Parallel
     
     If sequential execution is intentional (e.g., rate limiting),
     disable this rule with a comment explaining why.
     
     To disable this rule:
     - Line: add // ast-grep-ignore: no-await-in-loop on the line before

warning[no-leading-whitespace-strings]: String literals should not start with leading whitespace. Found: ' must be a non-empty string'
   ┌─ apps/mcp-docs-indexer/src/lib/sources.ts:67:27
   │
67 │         throw new Error(`${name} must be a non-empty string`)
   │                                 ^^^^^^^^^^^^^^^^^^^^^^^^^^^
   │
   = Strings that start with a single space followed by text like " foo" are often 
     unintentional typos and can cause display issues.
     
     This rule ignores:
     - Multi-line string indentation (2+ spaces or tabs)
     - Format strings with placeholders
     
     To disable this rule:
     - Line: add // ast-grep-ignore: no-leading-whitespace-strings on the line before
     - Block: wrap code with // ast-grep-ignore-start and // ast-grep-ignore-end

warning[no-non-null-assertion]: Avoid non-null assertion (!). Use proper null checking.
   ┌─ apps/fee-payer/src/lib/api-key-budget.ts:26:20
   │
26 │     const raw = await env.SponsorApiKeyStore!.get(dailySpendKvKey(apiKey))
   │                       ^^^^^^^^^^^^^^^^^^^^^^^
   │
   = The non-null assertion operator (!) tells TypeScript to trust you,
     but it can hide bugs if the value is actually null/undefined.
     
     Prefer:
     - Optional chaining: obj?.prop
     - Nullish coalescing: value ?? default
     - Explicit null checks: if (value !== null)
     - Type guards
     
     To disable this rule:
     - Line: add // ast-grep-ignore: no-non-null-assertion on the line before

warning[no-non-null-assertion]: Avoid non-null assertion (!). Use proper null checking.
   ┌─ apps/fee-payer/src/lib/api-key-budget.ts:33:20
   │
33 │     const raw = await env.SponsorApiKeyStore!.get(lifetimeSpendKvKey(apiKey))
   │                       ^^^^^^^^^^^^^^^^^^^^^^^
   │
   = The non-null assertion operator (!) tells TypeScript to trust you,
     but it can hide bugs if the value is actually null/undefined.
     
     Prefer:
     - Optional chaining: obj?.prop
     - Nullish coalescing: value ?? default
     - Explicit null checks: if (value !== null)
     - Type guards
     
     To disable this rule:
     - Line: add // ast-grep-ignore: no-non-null-assertion on the line before

warning[no-non-null-assertion]: Avoid non-null assertion (!). Use proper null checking.
   ┌─ apps/fee-payer/src/lib/api-key-budget.ts:68:3
   │
68 │         env.SponsorApiKeyStore!.put(
   │         ^^^^^^^^^^^^^^^^^^^^^^^
   │
   = The non-null assertion operator (!) tells TypeScript to trust you,
     but it can hide bugs if the value is actually null/undefined.
     
     Prefer:
     - Optional chaining: obj?.prop
     - Nullish coalescing: value ?? default
     - Explicit null checks: if (value !== null)
     - Type guards
     
     To disable this rule:
     - Line: add // ast-grep-ignore: no-non-null-assertion on the line before

warning[no-non-null-assertion]: Avoid non-null assertion (!). Use proper null checking.
   ┌─ apps/fee-payer/src/lib/api-key-budget.ts:73:3
   │
73 │         env.SponsorApiKeyStore!.put(
   │         ^^^^^^^^^^^^^^^^^^^^^^^
   │
   = The non-null assertion operator (!) tells TypeScript to trust you,
     but it can hide bugs if the value is actually null/undefined.
     
     Prefer:
     - Optional chaining: obj?.prop
     - Nullish coalescing: value ?? default
     - Explicit null checks: if (value !== null)
     - Type guards
     
     To disable this rule:
     - Line: add // ast-grep-ignore: no-non-null-assertion on the line before

warning[no-non-null-assertion]: Avoid non-null assertion (!). Use proper null checking.
   ┌─ apps/fee-payer/src/lib/api-keys.ts:59:8
   │
59 │     await env.SponsorApiKeyStore!.put(kvKey(key), JSON.stringify(full))
   │           ^^^^^^^^^^^^^^^^^^^^^^^
   │
   = The non-null assertion operator (!) tells TypeScript to trust you,
     but it can hide bugs if the value is actually null/undefined.
     
     Prefer:
     - Optional chaining: obj?.prop
     - Nullish coalescing: value ?? default
     - Explicit null checks: if (value !== null)
     - Type guards
     
     To disable this rule:
     - Line: add // ast-grep-ignore: no-non-null-assertion on the line before

warning[no-non-null-assertion]: Avoid non-null assertion (!). Use proper null checking.
   ┌─ apps/fee-payer/src/lib/api-keys.ts:77:25
   │
77 │     const existing = await env.SponsorApiKeyStore!.get(kvKey(key))
   │                            ^^^^^^^^^^^^^^^^^^^^^^^
   │
   = The non-null assertion operator (!) tells TypeScript to trust you,
     but it can hide bugs if the value is actually null/undefined.
     
     Prefer:
     - Optional chaining: obj?.prop
     - Nullish coalescing: value ?? default
     - Explicit null checks: if (value !== null)
     - Type guards
     
     To disable this rule:
     - Line: add // ast-grep-ignore: no-non-null-assertion on the line before

warning[no-non-null-assertion]: Avoid non-null assertion (!). Use proper null checking.
   ┌─ apps/fee-payer/src/lib/api-keys.ts:82:8
   │
82 │     await env.SponsorApiKeyStore!.put(kvKey(key), JSON.stringify(updated))
   │           ^^^^^^^^^^^^^^^^^^^^^^^
   │
   = The non-null assertion operator (!) tells TypeScript to trust you,
     but it can hide bugs if the value is actually null/undefined.
     
     Prefer:
     - Optional chaining: obj?.prop
     - Nullish coalescing: value ?? default
     - Explicit null checks: if (value !== null)
     - Type guards
     
     To disable this rule:
     - Line: add // ast-grep-ignore: no-non-null-assertion on the line before

warning[no-non-null-assertion]: Avoid non-null assertion (!). Use proper null checking.
   ┌─ apps/fee-payer/src/lib/api-keys.ts:96:21
   │
96 │     const list = await env.SponsorApiKeyStore!.list({
   │                        ^^^^^^^^^^^^^^^^^^^^^^^
   │
   = The non-null assertion operator (!) tells TypeScript to trust you,
     but it can hide bugs if the value is actually null/undefined.
     
     Prefer:
     - Optional chaining: obj?.prop
     - Nullish coalescing: value ?? default
     - Explicit null checks: if (value !== null)
     - Type guards
     
     To disable this rule:
     - Line: add // ast-grep-ignore: no-non-null-assertion on the line before

warning[no-non-null-assertion]: Avoid non-null assertion (!). Use proper null checking.
    ┌─ apps/fee-payer/src/lib/api-keys.ts:102:21
    │
102 │         const raw = await env.SponsorApiKeyStore!.get(item.name)
    │                           ^^^^^^^^^^^^^^^^^^^^^^^
    │
    = The non-null assertion operator (!) tells TypeScript to trust you,
      but it can hide bugs if the value is actually null/undefined.
      
      Prefer:
      - Optional chaining: obj?.prop
      - Nullish coalescing: value ?? default
      - Explicit null checks: if (value !== null)
      - Type guards
      
      To disable this rule:
      - Line: add // ast-grep-ignore: no-non-null-assertion on the line before

warning[no-await-in-loop]: Avoid await inside loops. Consider Promise.all() for parallel execution.
    ┌─ apps/fee-payer/src/lib/api-keys.ts:102:15
    │  
101 │ ╭     for (const item of list.keys) {
102 │ │         const raw = await env.SponsorApiKeyStore!.get(item.name)
    │ │                     ^^^^^^^^^^^^^^^^^^^^^^^^^^^^^^^^^^^^^^^^^^^^
    · │
110 │ │     }
    │ ╰─────'
    │  
    = Using await in a loop executes promises sequentially, which is often
      slower than running them in parallel.
      
      Bad:
      for (const item of items) {                      
        await processItem(item);  // Sequential - slow!
      }                                                
      
      Good:
      await Promise.all(items.map(item => processItem(item)));  // Parallel
      
      If sequential execution is intentional (e.g., rate limiting),
      disable this rule with a comment explaining why.
      
      To disable this rule:
      - Line: add // ast-grep-ignore: no-await-in-loop on the line before

warning[no-await-in-loop]: Avoid await inside loops. Consider Promise.all() for parallel execution.
   ┌─ apps/mcp-docs-indexer/src/lib/ingest.ts:71:20
   │    
69 │   ╭         for (let i = 0; i < pageUrls.length; i += CONCURRENCY) {
70 │   │             const batch = pageUrls.slice(i, i + CONCURRENCY)
71 │   │             const results = await Promise.allSettled(
   │ ╭─│─────────────────────────────^
   · │ │
75 │ │ │             )
   │ ╰─│─────────────^
   ·   │
87 │   │         }
   │   ╰─────────'
   │    
   = Using await in a loop executes promises sequentially, which is often
     slower than running them in parallel.
     
     Bad:
     for (const item of items) {                      
       await processItem(item);  // Sequential - slow!
     }                                                
     
     Good:
     await Promise.all(items.map(item => processItem(item)));  // Parallel
     
     If sequential execution is intentional (e.g., rate limiting),
     disable this rule with a comment explaining why.
     
     To disable this rule:
     - Line: add // ast-grep-ignore: no-await-in-loop on the line before

warning[no-await-in-loop]: Avoid await inside loops. Consider Promise.all() for parallel execution.
    ┌─ apps/mcp-docs-indexer/src/lib/ingest.ts:97:6
    │  
 94 │ ╭             for (const [key, entry] of Object.entries(prevIndex)) {
    · │
 97 │ │                     await instance.items.delete(entry.id)
    │ │                     ^^^^^^^^^^^^^^^^^^^^^^^^^^^^^^^^^^^^^
    · │
108 │ │             }
    │ ╰─────────────'
    │  
    = Using await in a loop executes promises sequentially, which is often
      slower than running them in parallel.
      
      Bad:
      for (const item of items) {                      
        await processItem(item);  // Sequential - slow!
      }                                                
      
      Good:
      await Promise.all(items.map(item => processItem(item)));  // Parallel
      
      If sequential execution is intentional (e.g., rate limiting),
      disable this rule with a comment explaining why.
      
      To disable this rule:
      - Line: add // ast-grep-ignore: no-await-in-loop on the line before

warning[no-await-in-loop]: Avoid await inside loops. Consider Promise.all() for parallel execution.
   ┌─ apps/contract-verification/test/integration/route.lookup-native.test.ts:67:21
   │    
66 │   ╭         for (const [address, name, protocolVersion] of expected) {
67 │   │             const response = await app.request(
   │ ╭─│──────────────────────────────^
   · │ │
71 │ │ │             )
   │ ╰─│─────────────^
   ·   │
92 │   │         }
   │   ╰─────────'
   │    
   = Using await in a loop executes promises sequentially, which is often
     slower than running them in parallel.
     
     Bad:
     for (const item of items) {                      
       await processItem(item);  // Sequential - slow!
     }                                                
     
     Good:
     await Promise.all(items.map(item => processItem(item)));  // Parallel
     
     If sequential execution is intentional (e.g., rate limiting),
     disable this rule with a comment explaining why.
     
     To disable this rule:
     - Line: add // ast-grep-ignore: no-await-in-loop on the line before

warning[no-await-in-loop]: Avoid await inside loops. Consider Promise.all() for parallel execution.
   ┌─ apps/contract-verification/test/integration/route.lookup-native.test.ts:73:18
   │  
66 │ ╭         for (const [address, name, protocolVersion] of expected) {
   · │
73 │ │             const body = (await response.json()) as SourceResponse
   │ │                           ^^^^^^^^^^^^^^^^^^^^^
   · │
92 │ │         }
   │ ╰─────────'
   │  
   = Using await in a loop executes promises sequentially, which is often
     slower than running them in parallel.
     
     Bad:
     for (const item of items) {                      
       await processItem(item);  // Sequential - slow!
     }                                                
     
     Good:
     await Promise.all(items.map(item => processItem(item)));  // Parallel
     
     If sequential execution is intentional (e.g., rate limiting),
     disable this rule with a comment explaining why.
     
     To disable this rule:
     - Line: add // ast-grep-ignore: no-await-in-loop on the line before

warning[no-await-in-loop]: Avoid await inside loops. Consider Promise.all() for parallel execution.
    ┌─ apps/contract-verification/test/integration/route.lookup-native.test.ts:268:6
    │  
262 │ ╭         for (const address of [
    · │
268 │ │                 (await app.request(`/v2/contract/${chainId}/${address}`, {}, env))
    │ │                  ^^^^^^^^^^^^^^^^^^^^^^^^^^^^^^^^^^^^^^^^^^^^^^^^^^^^^^^^^^^^^^^^
    · │
271 │ │         }
    │ ╰─────────'
    │  
    = Using await in a loop executes promises sequentially, which is often
      slower than running them in parallel.
      
      Bad:
      for (const item of items) {                      
        await processItem(item);  // Sequential - slow!
      }                                                
      
      Good:
      await Promise.all(items.map(item => processItem(item)));  // Parallel
      
      If sequential execution is intentional (e.g., rate limiting),
      disable this rule with a comment explaining why.
      
      To disable this rule:
      - Line: add // ast-grep-ignore: no-await-in-loop on the line before

warning[no-leading-whitespace-strings]: String literals should not start with leading whitespace. Found: ' to have at least one item'
   ┌─ apps/contract-verification/test/e2e/verification.test.ts:33:48
   │
33 │     if (!value) throw new Error(`Expected ${label} to have at least one item`)
   │                                                   ^^^^^^^^^^^^^^^^^^^^^^^^^^
   │
   = Strings that start with a single space followed by text like " foo" are often 
     unintentional typos and can cause display issues.
     
     This rule ignores:
     - Multi-line string indentation (2+ spaces or tabs)
     - Format strings with placeholders
     
     To disable this rule:
     - Line: add // ast-grep-ignore: no-leading-whitespace-strings on the line before
     - Block: wrap code with // ast-grep-ignore-start and // ast-grep-ignore-end

warning[no-await-in-loop]: Avoid await inside loops. Consider Promise.all() for parallel execution.
   ┌─ apps/contract-verification/test/setup.ts:29:3
   │  
28 │ ╭     for (const table of tables) {
29 │ │         await db.delete(table)
   │ │         ^^^^^^^^^^^^^^^^^^^^^^
30 │ │     }
   │ ╰─────'
   │  
   = Using await in a loop executes promises sequentially, which is often
     slower than running them in parallel.
     
     Bad:
     for (const item of items) {                      
       await processItem(item);  // Sequential - slow!
     }                                                
     
     Good:
     await Promise.all(items.map(item => processItem(item)));  // Parallel
     
     If sequential execution is intentional (e.g., rate limiting),
     disable this rule with a comment explaining why.
     
     To disable this rule:
     - Line: add // ast-grep-ignore: no-await-in-loop on the line before

warning[no-leading-whitespace-strings]: String literals should not start with leading whitespace. Found: ' characters'
    ┌─ apps/mcp-docs-indexer/src/lib/mcp.ts:258:56
    │
258 │             `query exceeds maximum length of ${MAX_QUERY_LENGTH} characters`,
    │                                                                 ^^^^^^^^^^^
    │
    = Strings that start with a single space followed by text like " foo" are often 
      unintentional typos and can cause display issues.
      
      This rule ignores:
      - Multi-line string indentation (2+ spaces or tabs)
      - Format strings with placeholders
      
      To disable this rule:
      - Line: add // ast-grep-ignore: no-leading-whitespace-strings on the line before
      - Block: wrap code with // ast-grep-ignore-start and // ast-grep-ignore-end

warning[no-leading-whitespace-strings]: String literals should not start with leading whitespace. Found: ' ...'
     ┌─ apps/mcp-docs-indexer/src/lib/mcp.ts:1131:38
     │
1131 │     const suffix = end < text.length ? ' ...' : ''
     │                                         ^^^^
     │
     = Strings that start with a single space followed by text like " foo" are often 
       unintentional typos and can cause display issues.
       
       This rule ignores:
       - Multi-line string indentation (2+ spaces or tabs)
       - Format strings with placeholders
       
       To disable this rule:
       - Line: add // ast-grep-ignore: no-leading-whitespace-strings on the line before
       - Block: wrap code with // ast-grep-ignore-start and // ast-grep-ignore-end

warning[no-leading-whitespace-strings]: String literals should not start with leading whitespace. Found: ' ...'
     ┌─ apps/mcp-docs-indexer/src/lib/mcp.ts:1603:46
     │
1603 │     return `${text.slice(0, maxChars).trimEnd()} ...`
     │                                                 ^^^^
     │
     = Strings that start with a single space followed by text like " foo" are often 
       unintentional typos and can cause display issues.
       
       This rule ignores:
       - Multi-line string indentation (2+ spaces or tabs)
       - Format strings with placeholders
       
       To disable this rule:
       - Line: add // ast-grep-ignore: no-leading-whitespace-strings on the line before
       - Block: wrap code with // ast-grep-ignore-start and // ast-grep-ignore-end

warning[no-leading-whitespace-strings]: String literals should not start with leading whitespace. Found: ' docs source'
     ┌─ apps/mcp-docs-indexer/src/lib/mcp.ts:1633:23
     │
1633 │             name: `${source.id} docs source`,
     │                                ^^^^^^^^^^^^
     │
     = Strings that start with a single space followed by text like " foo" are often 
       unintentional typos and can cause display issues.
       
       This rule ignores:
       - Multi-line string indentation (2+ spaces or tabs)
       - Format strings with placeholders
       
       To disable this rule:
       - Line: add // ast-grep-ignore: no-leading-whitespace-strings on the line before
       - Block: wrap code with // ast-grep-ignore-start and // ast-grep-ignore-end

warning[no-leading-whitespace-strings]: String literals should not start with leading whitespace. Found: ' docs page index'
     ┌─ apps/mcp-docs-indexer/src/lib/mcp.ts:1639:23
     │
1639 │             name: `${source.id} docs page index`,
     │                                ^^^^^^^^^^^^^^^^
     │
     = Strings that start with a single space followed by text like " foo" are often 
       unintentional typos and can cause display issues.
       
       This rule ignores:
       - Multi-line string indentation (2+ spaces or tabs)
       - Format strings with placeholders
       
       To disable this rule:
       - Line: add // ast-grep-ignore: no-leading-whitespace-strings on the line before
       - Block: wrap code with // ast-grep-ignore-start and // ast-grep-ignore-end

warning[no-leading-whitespace-strings]: String literals should not start with leading whitespace. Found: ' page index.'
     ┌─ apps/mcp-docs-indexer/src/lib/mcp.ts:1640:30
     │
1640 │             description: `${source.id} page index.`,
     │                                       ^^^^^^^^^^^^
     │
     = Strings that start with a single space followed by text like " foo" are often 
       unintentional typos and can cause display issues.
       
       This rule ignores:
       - Multi-line string indentation (2+ spaces or tabs)
       - Format strings with placeholders
       
       To disable this rule:
       - Line: add // ast-grep-ignore: no-leading-whitespace-strings on the line before
       - Block: wrap code with // ast-grep-ignore-start and // ast-grep-ignore-end

warning[no-leading-whitespace-strings]: String literals should not start with leading whitespace. Found: ' ('
     ┌─ apps/mcp-docs-indexer/src/lib/mcp.ts:1686:65
     │
1686 │                             `- \`${source.id}\`: ${source.description ?? source.base} (${source.base})`,
     │                                                                                      ^^
     │
     = Strings that start with a single space followed by text like " foo" are often 
       unintentional typos and can cause display issues.
       
       This rule ignores:
       - Multi-line string indentation (2+ spaces or tabs)
       - Format strings with placeholders
       
       To disable this rule:
       - Line: add // ast-grep-ignore: no-leading-whitespace-strings on the line before
       - Block: wrap code with // ast-grep-ignore-start and // ast-grep-ignore-end

warning[no-leading-whitespace-strings]: String literals should not start with leading whitespace. Found: ' ...'
     ┌─ apps/mcp-docs-indexer/src/lib/mcp.ts:1722:60
     │
1722 │                         ? `${text.slice(0, DEFAULT_MAX_PAGE_CHARS).trimEnd()} ...`
     │                                                                              ^^^^
     │
     = Strings that start with a single space followed by text like " foo" are often 
       unintentional typos and can cause display issues.
       
       This rule ignores:
       - Multi-line string indentation (2+ spaces or tabs)
       - Format strings with placeholders
       
       To disable this rule:
       - Line: add // ast-grep-ignore: no-leading-whitespace-strings on the line before
       - Block: wrap code with // ast-grep-ignore-start and // ast-grep-ignore-end

warning[no-leading-whitespace-strings]: String literals should not start with leading whitespace. Found: ' docs source'
     ┌─ apps/mcp-docs-indexer/src/lib/mcp.ts:1733:20
     │
1733 │                 `# ${source.id} docs source`,
     │                                ^^^^^^^^^^^^
     │
     = Strings that start with a single space followed by text like " foo" are often 
       unintentional typos and can cause display issues.
       
       This rule ignores:
       - Multi-line string indentation (2+ spaces or tabs)
       - Format strings with placeholders
       
       To disable this rule:
       - Line: add // ast-grep-ignore: no-leading-whitespace-strings on the line before
       - Block: wrap code with // ast-grep-ignore-start and // ast-grep-ignore-end

warning[no-leading-whitespace-strings]: String literals should not start with leading whitespace. Found: ' Tempo integration'
     ┌─ apps/mcp-docs-indexer/src/lib/mcp.ts:1742:27
     │
1742 │                         query: `${source.id} Tempo integration`,
     │                                             ^^^^^^^^^^^^^^^^^^
     │
     = Strings that start with a single space followed by text like " foo" are often 
       unintentional typos and can cause display issues.
       
       This rule ignores:
       - Multi-line string indentation (2+ spaces or tabs)
       - Format strings with placeholders
       
       To disable this rule:
       - Line: add // ast-grep-ignore: no-leading-whitespace-strings on the line before
       - Block: wrap code with // ast-grep-ignore-start and // ast-grep-ignore-end

warning[no-leading-whitespace-strings]: String literals should not start with leading whitespace. Found: ' docs page index'
     ┌─ apps/mcp-docs-indexer/src/lib/mcp.ts:1762:18
     │
1762 │         `# ${source.id} docs page index`,
     │                        ^^^^^^^^^^^^^^^^
     │
     = Strings that start with a single space followed by text like " foo" are often 
       unintentional typos and can cause display issues.
       
       This rule ignores:
       - Multi-line string indentation (2+ spaces or tabs)
       - Format strings with placeholders
       
       To disable this rule:
       - Line: add // ast-grep-ignore: no-leading-whitespace-strings on the line before
       - Block: wrap code with // ast-grep-ignore-start and // ast-grep-ignore-end

warning[no-await-in-loop]: Avoid await inside loops. Consider Promise.all() for parallel execution.
    ┌─ apps/contract-verification/test/integration/route.lookup-verified.test.ts:294:4
    │    
285 │   ╭         for (const item of sigItems) {
    ·   │
294 │ ╭ │             await db
    · │ │
297 │ │ │                 .onConflictDoNothing()
    │ ╰─│──────────────────────────────────────^
    ·   │
304 │   │         }
    │   ╰─────────'
    │    
    = Using await in a loop executes promises sequentially, which is often
      slower than running them in parallel.
      
      Bad:
      for (const item of items) {                      
        await processItem(item);  // Sequential - slow!
      }                                                
      
      Good:
      await Promise.all(items.map(item => processItem(item)));  // Parallel
      
      If sequential execution is intentional (e.g., rate limiting),
      disable this rule with a comment explaining why.
      
      To disable this rule:
      - Line: add // ast-grep-ignore: no-await-in-loop on the line before

warning[no-await-in-loop]: Avoid await inside loops. Consider Promise.all() for parallel execution.
    ┌─ apps/contract-verification/test/integration/route.lookup-verified.test.ts:298:4
    │    
285 │   ╭         for (const item of sigItems) {
    ·   │
298 │ ╭ │             await db.insert(DB.compiledContractsSignaturesTable).values({
    · │ │
303 │ │ │             })
    │ ╰─│──────────────^
304 │   │         }
    │   ╰─────────'
    │    
    = Using await in a loop executes promises sequentially, which is often
      slower than running them in parallel.
      
      Bad:
      for (const item of items) {                      
        await processItem(item);  // Sequential - slow!
      }                                                
      
      Good:
      await Promise.all(items.map(item => processItem(item)));  // Parallel
      
      If sequential execution is intentional (e.g., rate limiting),
      disable this rule with a comment explaining why.
      
      To disable this rule:
      - Line: add // ast-grep-ignore: no-await-in-loop on the line before

warning[no-leading-whitespace-strings]: String literals should not start with leading whitespace. Found: ' !== '
   ┌─ apps/explorer/vite.config.ts:60:59
   │
60 │                 `VITE_TEMPO_ENV mismatch - ${envConfig.VITE_TEMPO_ENV} !== ${tempoEnv.data}`,
   │                                                                       ^^^^^
   │
   = Strings that start with a single space followed by text like " foo" are often 
     unintentional typos and can cause display issues.
     
     This rule ignores:
     - Multi-line string indentation (2+ spaces or tabs)
     - Format strings with placeholders
     
     To disable this rule:
     - Line: add // ast-grep-ignore: no-leading-whitespace-strings on the line before
     - Block: wrap code with // ast-grep-ignore-start and // ast-grep-ignore-end

warning[no-leading-whitespace-strings]: String literals should not start with leading whitespace. Found: ' is not supported'
    ┌─ apps/contract-verification/src/route.verify-legacy.ts:115:39
    │
115 │                 `The chain with chainId ${chainId} is not supported`,
    │                                                   ^^^^^^^^^^^^^^^^^
    │
    = Strings that start with a single space followed by text like " foo" are often 
      unintentional typos and can cause display issues.
      
      This rule ignores:
      - Multi-line string indentation (2+ spaces or tabs)
      - Format strings with placeholders
      
      To disable this rule:
      - Line: add // ast-grep-ignore: no-leading-whitespace-strings on the line before
      - Block: wrap code with // ast-grep-ignore-start and // ast-grep-ignore-end

warning[no-leading-whitespace-strings]: String literals should not start with leading whitespace. Found: ' is not supported'
    ┌─ apps/contract-verification/src/route.verify-legacy.ts:186:39
    │
186 │                 `The chain with chainId ${chainId} is not supported`,
    │                                                   ^^^^^^^^^^^^^^^^^
    │
    = Strings that start with a single space followed by text like " foo" are often 
      unintentional typos and can cause display issues.
      
      This rule ignores:
      - Multi-line string indentation (2+ spaces or tabs)
      - Format strings with placeholders
      
      To disable this rule:
      - Line: add // ast-grep-ignore: no-leading-whitespace-strings on the line before
      - Block: wrap code with // ast-grep-ignore-start and // ast-grep-ignore-end

warning[no-leading-whitespace-strings]: String literals should not start with leading whitespace. Found: ' does not have a contract deployed at '
    ┌─ apps/contract-verification/src/route.verify-legacy.ts:213:34
    │
213 │                         message: `Chain #${chainId} does not have a contract deployed at ${address}`,
    │                                                    ^^^^^^^^^^^^^^^^^^^^^^^^^^^^^^^^^^^^^^
    │
    = Strings that start with a single space followed by text like " foo" are often 
      unintentional typos and can cause display issues.
      
      This rule ignores:
      - Multi-line string indentation (2+ spaces or tabs)
      - Format strings with placeholders
      
      To disable this rule:
      - Line: add // ast-grep-ignore: no-leading-whitespace-strings on the line before
      - Block: wrap code with // ast-grep-ignore-start and // ast-grep-ignore-end

warning[no-leading-whitespace-strings]: String literals should not start with leading whitespace. Found: ' in '
    ┌─ apps/contract-verification/src/route.verify-legacy.ts:326:36
    │
326 │                 `Could not find ${contractName} in ${contractPath}`,
    │                                                ^^^^
    │
    = Strings that start with a single space followed by text like " foo" are often 
      unintentional typos and can cause display issues.
      
      This rule ignores:
      - Multi-line string indentation (2+ spaces or tabs)
      - Format strings with placeholders
      
      To disable this rule:
      - Line: add // ast-grep-ignore: no-leading-whitespace-strings on the line before
      - Block: wrap code with // ast-grep-ignore-start and // ast-grep-ignore-end

warning[no-await-in-loop]: Avoid await inside loops. Consider Promise.all() for parallel execution.
    ┌─ apps/contract-verification/src/route.verify-legacy.ts:590:6
    │  
587 │ ╭             for (const [sourcePath, sourceContent] of filteredSourceEntries) {
    · │
590 │ │                     await globalThis.crypto.subtle.digest('SHA-256', contentBytes),
    │ │                     ^^^^^^^^^^^^^^^^^^^^^^^^^^^^^^^^^^^^^^^^^^^^^^^^^^^^^^^^^^^^^^
    · │
617 │ │             }
    │ ╰─────────────'
    │  
    = Using await in a loop executes promises sequentially, which is often
      slower than running them in parallel.
      
      Bad:
      for (const item of items) {                      
        await processItem(item);  // Sequential - slow!
      }                                                
      
      Good:
      await Promise.all(items.map(item => processItem(item)));  // Parallel
      
      If sequential execution is intentional (e.g., rate limiting),
      disable this rule with a comment explaining why.
      
      To disable this rule:
      - Line: add // ast-grep-ignore: no-await-in-loop on the line before

warning[no-await-in-loop]: Avoid await inside loops. Consider Promise.all() for parallel execution.
    ┌─ apps/contract-verification/src/route.verify-legacy.ts:604:5
    │  
587 │ ╭             for (const [sourcePath, sourceContent] of filteredSourceEntries) {
    · │
604 │ │                 await db.insert(sourcesTable).values(sourceInsert).onConflictDoNothing()
    │ │                 ^^^^^^^^^^^^^^^^^^^^^^^^^^^^^^^^^^^^^^^^^^^^^^^^^^^^^^^^^^^^^^^^^^^^^^^^
    · │
617 │ │             }
    │ ╰─────────────'
    │  
    = Using await in a loop executes promises sequentially, which is often
      slower than running them in parallel.
      
      Bad:
      for (const item of items) {                      
        await processItem(item);  // Sequential - slow!
      }                                                
      
      Good:
      await Promise.all(items.map(item => processItem(item)));  // Parallel
      
      If sequential execution is intentional (e.g., rate limiting),
      disable this rule with a comment explaining why.
      
      To disable this rule:
      - Line: add // ast-grep-ignore: no-await-in-loop on the line before

warning[no-await-in-loop]: Avoid await inside loops. Consider Promise.all() for parallel execution.
    ┌─ apps/contract-verification/src/route.verify-legacy.ts:608:5
    │    
587 │   ╭             for (const [sourcePath, sourceContent] of filteredSourceEntries) {
    ·   │
608 │ ╭ │                 await db
    · │ │
616 │ │ │                     .onConflictDoNothing()
    │ ╰─│──────────────────────────────────────────^
617 │   │             }
    │   ╰─────────────'
    │    
    = Using await in a loop executes promises sequentially, which is often
      slower than running them in parallel.
      
      Bad:
      for (const item of items) {                      
        await processItem(item);  // Sequential - slow!
      }                                                
      
      Good:
      await Promise.all(items.map(item => processItem(item)));  // Parallel
      
      If sequential execution is intentional (e.g., rate limiting),
      disable this rule with a comment explaining why.
      
      To disable this rule:
      - Line: add // ast-grep-ignore: no-await-in-loop on the line before

warning[no-await-in-loop]: Avoid await inside loops. Consider Promise.all() for parallel execution.
    ┌─ apps/contract-verification/src/route.verify-legacy.ts:635:5
    │    
622 │   ╭         for (const item of abi) {
    ·   │
635 │ ╭ │                 await db
    · │ │
638 │ │ │                     .onConflictDoNothing()
    │ ╰─│──────────────────────────────────────────^
    ·   │
650 │   │         }
    │   ╰─────────'
    │    
    = Using await in a loop executes promises sequentially, which is often
      slower than running them in parallel.
      
      Bad:
      for (const item of items) {                      
        await processItem(item);  // Sequential - slow!
      }                                                
      
      Good:
      await Promise.all(items.map(item => processItem(item)));  // Parallel
      
      If sequential execution is intentional (e.g., rate limiting),
      disable this rule with a comment explaining why.
      
      To disable this rule:
      - Line: add // ast-grep-ignore: no-await-in-loop on the line before

warning[no-await-in-loop]: Avoid await inside loops. Consider Promise.all() for parallel execution.
    ┌─ apps/contract-verification/src/route.verify-legacy.ts:640:5
    │    
622 │   ╭         for (const item of abi) {
    ·   │
640 │ ╭ │                 await db
    · │ │
648 │ │ │                     .onConflictDoNothing()
    │ ╰─│──────────────────────────────────────────^
649 │   │             }
650 │   │         }
    │   ╰─────────'
    │    
    = Using await in a loop executes promises sequentially, which is often
      slower than running them in parallel.
      
      Bad:
      for (const item of items) {                      
        await processItem(item);  // Sequential - slow!
      }                                                
      
      Good:
      await Promise.all(items.map(item => processItem(item)));  // Parallel
      
      If sequential execution is intentional (e.g., rate limiting),
      disable this rule with a comment explaining why.
      
      To disable this rule:
      - Line: add // ast-grep-ignore: no-await-in-loop on the line before

apps/contract-verification/src/route.verify-legacy.ts
help[unused-suppression]: Unused 'ast-grep-ignore' directive.
@@ -580,7 +580,7 @@
581 581│ 				.where(eq(compiledContractsSourcesTable.compilationId, compilationId))
582 582│ 		}
583 583│ 
584    │-		// ast-grep-ignore-start: Sequential DB operations are intentional
    584│+		
585 585│ 		// Insert sources referenced by the compiler metadata
586 586│ 		if (shouldInsertSources) {
587 587│ 			for (const [sourcePath, sourceContent] of filteredSourceEntries) {
apps/contract-verification/src/route.verify-legacy.ts
help[unused-suppression]: Unused 'ast-grep-ignore' directive.
@@ -647,7 +647,7 @@
648 648│ 					.onConflictDoNothing()
649 649│ 			}
650 650│ 		}
651    │-		// ast-grep-ignore-end
    651│+		
652 652│ 
653 653│ 		const runtimeValues =
654 654│ 			Object.keys(runtimeMatchResult.transformationValues).length > 0
warning[no-leading-whitespace-strings]: String literals should not start with leading whitespace. Found: ' ('
    ┌─ apps/explorer/scripts/bundle-diff.ts:103:38
    │
103 │     return `${sign}${formatBytes(delta)} (${sign}${percent}%)`
    │                                         ^^
    │
    = Strings that start with a single space followed by text like " foo" are often 
      unintentional typos and can cause display issues.
      
      This rule ignores:
      - Multi-line string indentation (2+ spaces or tabs)
      - Format strings with placeholders
      
      To disable this rule:
      - Line: add // ast-grep-ignore: no-leading-whitespace-strings on the line before
      - Block: wrap code with // ast-grep-ignore-start and // ast-grep-ignore-end

warning[no-leading-whitespace-strings]: String literals should not start with leading whitespace. Found: ' (gzip: '
    ┌─ apps/explorer/scripts/bundle-diff.ts:183:46
    │
183 │         `  Total:  ${formatBytes(stats.total.size)} (gzip: ${formatBytes(
    │                                                    ^^^^^^^^
    │
    = Strings that start with a single space followed by text like " foo" are often 
      unintentional typos and can cause display issues.
      
      This rule ignores:
      - Multi-line string indentation (2+ spaces or tabs)
      - Format strings with placeholders
      
      To disable this rule:
      - Line: add // ast-grep-ignore: no-leading-whitespace-strings on the line before
      - Block: wrap code with // ast-grep-ignore-start and // ast-grep-ignore-end

warning[no-leading-whitespace-strings]: String literals should not start with leading whitespace. Found: ' more chunks'
    ┌─ apps/explorer/scripts/bundle-diff.ts:204:56
    │
204 │             console.log(`    ... and ${stats.chunks.length - 10} more chunks`)
    │                                                                 ^^^^^^^^^^^^
    │
    = Strings that start with a single space followed by text like " foo" are often 
      unintentional typos and can cause display issues.
      
      This rule ignores:
      - Multi-line string indentation (2+ spaces or tabs)
      - Format strings with placeholders
      
      To disable this rule:
      - Line: add // ast-grep-ignore: no-leading-whitespace-strings on the line before
      - Block: wrap code with // ast-grep-ignore-start and // ast-grep-ignore-end

warning[no-leading-whitespace-strings]: String literals should not start with leading whitespace. Found: ' (new)'
    ┌─ apps/explorer/scripts/bundle-diff.ts:268:26
    │
268 │                     name: `${normalName} (new)`,
    │                                         ^^^^^^
    │
    = Strings that start with a single space followed by text like " foo" are often 
      unintentional typos and can cause display issues.
      
      This rule ignores:
      - Multi-line string indentation (2+ spaces or tabs)
      - Format strings with placeholders
      
      To disable this rule:
      - Line: add // ast-grep-ignore: no-leading-whitespace-strings on the line before
      - Block: wrap code with // ast-grep-ignore-start and // ast-grep-ignore-end

warning[no-leading-whitespace-strings]: String literals should not start with leading whitespace. Found: ' (removed)'
    ┌─ apps/explorer/scripts/bundle-diff.ts:279:26
    │
279 │                     name: `${normalName} (removed)`,
    │                                         ^^^^^^^^^^
    │
    = Strings that start with a single space followed by text like " foo" are often 
      unintentional typos and can cause display issues.
      
      This rule ignores:
      - Multi-line string indentation (2+ spaces or tabs)
      - Format strings with placeholders
      
      To disable this rule:
      - Line: add // ast-grep-ignore: no-leading-whitespace-strings on the line before
      - Block: wrap code with // ast-grep-ignore-start and // ast-grep-ignore-end

warning[no-leading-whitespace-strings]: String literals should not start with leading whitespace. Found: ' more changes'
    ┌─ apps/explorer/scripts/bundle-diff.ts:301:52
    │
301 │                 console.log(`    ... and ${changes.length - 15} more changes`)
    │                                                                ^^^^^^^^^^^^^
    │
    = Strings that start with a single space followed by text like " foo" are often 
      unintentional typos and can cause display issues.
      
      This rule ignores:
      - Multi-line string indentation (2+ spaces or tabs)
      - Format strings with placeholders
      
      To disable this rule:
      - Line: add // ast-grep-ignore: no-leading-whitespace-strings on the line before
      - Block: wrap code with // ast-grep-ignore-start and // ast-grep-ignore-end

warning[no-leading-whitespace-strings]: String literals should not start with leading whitespace. Found: ' ('
    ┌─ apps/explorer/scripts/bundle-diff.ts:321:38
    │
321 │     return `${sign}${formatBytes(delta)} (${sign}${percent}%)`
    │                                         ^^
    │
    = Strings that start with a single space followed by text like " foo" are often 
      unintentional typos and can cause display issues.
      
      This rule ignores:
      - Multi-line string indentation (2+ spaces or tabs)
      - Format strings with placeholders
      
      To disable this rule:
      - Line: add // ast-grep-ignore: no-leading-whitespace-strings on the line before
      - Block: wrap code with // ast-grep-ignore-start and // ast-grep-ignore-end

warning[no-leading-whitespace-strings]: String literals should not start with leading whitespace. Found: ' | '
    ┌─ apps/explorer/scripts/bundle-diff.ts:333:47
    │
333 │             `| Total | ${formatBytes(stats.total.size)} | ${formatDeltaMd(
    │                                                        ^^^
    │
    = Strings that start with a single space followed by text like " foo" are often 
      unintentional typos and can cause display issues.
      
      This rule ignores:
      - Multi-line string indentation (2+ spaces or tabs)
      - Format strings with placeholders
      
      To disable this rule:
      - Line: add // ast-grep-ignore: no-leading-whitespace-strings on the line before
      - Block: wrap code with // ast-grep-ignore-start and // ast-grep-ignore-end

warning[no-leading-whitespace-strings]: String literals should not start with leading whitespace. Found: ' |'
    ┌─ apps/explorer/scripts/bundle-diff.ts:336:6
    │
336 │             )} |`,
    │               ^^
    │
    = Strings that start with a single space followed by text like " foo" are often 
      unintentional typos and can cause display issues.
      
      This rule ignores:
      - Multi-line string indentation (2+ spaces or tabs)
      - Format strings with placeholders
      
      To disable this rule:
      - Line: add // ast-grep-ignore: no-leading-whitespace-strings on the line before
      - Block: wrap code with // ast-grep-ignore-start and // ast-grep-ignore-end

warning[no-leading-whitespace-strings]: String literals should not start with leading whitespace. Found: ' | '
    ┌─ apps/explorer/scripts/bundle-diff.ts:339:46
    │
339 │             `| Gzip | ${formatBytes(stats.total.gzip)} | ${formatDeltaMd(
    │                                                       ^^^
    │
    = Strings that start with a single space followed by text like " foo" are often 
      unintentional typos and can cause display issues.
      
      This rule ignores:
      - Multi-line string indentation (2+ spaces or tabs)
      - Format strings with placeholders
      
      To disable this rule:
      - Line: add // ast-grep-ignore: no-leading-whitespace-strings on the line before
      - Block: wrap code with // ast-grep-ignore-start and // ast-grep-ignore-end

warning[no-leading-whitespace-strings]: String literals should not start with leading whitespace. Found: ' |'
    ┌─ apps/explorer/scripts/bundle-diff.ts:342:6
    │
342 │             )} |`,
    │               ^^
    │
    = Strings that start with a single space followed by text like " foo" are often 
      unintentional typos and can cause display issues.
      
      This rule ignores:
      - Multi-line string indentation (2+ spaces or tabs)
      - Format strings with placeholders
      
      To disable this rule:
      - Line: add // ast-grep-ignore: no-leading-whitespace-strings on the line before
      - Block: wrap code with // ast-grep-ignore-start and // ast-grep-ignore-end

warning[no-leading-whitespace-strings]: String literals should not start with leading whitespace. Found: ' | '
    ┌─ apps/explorer/scripts/bundle-diff.ts:345:50
    │
345 │             `| Brotli | ${formatBytes(stats.total.brotli)} | ${formatDeltaMd(
    │                                                           ^^^
    │
    = Strings that start with a single space followed by text like " foo" are often 
      unintentional typos and can cause display issues.
      
      This rule ignores:
      - Multi-line string indentation (2+ spaces or tabs)
      - Format strings with placeholders
      
      To disable this rule:
      - Line: add // ast-grep-ignore: no-leading-whitespace-strings on the line before
      - Block: wrap code with // ast-grep-ignore-start and // ast-grep-ignore-end

warning[no-leading-whitespace-strings]: String literals should not start with leading whitespace. Found: ' |'
    ┌─ apps/explorer/scripts/bundle-diff.ts:348:6
    │
348 │             )} |`,
    │               ^^
    │
    = Strings that start with a single space followed by text like " foo" are often 
      unintentional typos and can cause display issues.
      
      This rule ignores:
      - Multi-line string indentation (2+ spaces or tabs)
      - Format strings with placeholders
      
      To disable this rule:
      - Line: add // ast-grep-ignore: no-leading-whitespace-strings on the line before
      - Block: wrap code with // ast-grep-ignore-start and // ast-grep-ignore-end

warning[no-leading-whitespace-strings]: String literals should not start with leading whitespace. Found: ' (new)'
    ┌─ apps/explorer/scripts/bundle-diff.ts:383:40
    │
383 │                 changes.push({ name: `${normalName} (new)`, delta: chunk.size })
    │                                                    ^^^^^^
    │
    = Strings that start with a single space followed by text like " foo" are often 
      unintentional typos and can cause display issues.
      
      This rule ignores:
      - Multi-line string indentation (2+ spaces or tabs)
      - Format strings with placeholders
      
      To disable this rule:
      - Line: add // ast-grep-ignore: no-leading-whitespace-strings on the line before
      - Block: wrap code with // ast-grep-ignore-start and // ast-grep-ignore-end

warning[no-leading-whitespace-strings]: String literals should not start with leading whitespace. Found: ' (removed)'
    ┌─ apps/explorer/scripts/bundle-diff.ts:390:26
    │
390 │                     name: `${normalName} (removed)`,
    │                                         ^^^^^^^^^^
    │
    = Strings that start with a single space followed by text like " foo" are often 
      unintentional typos and can cause display issues.
      
      This rule ignores:
      - Multi-line string indentation (2+ spaces or tabs)
      - Format strings with placeholders
      
      To disable this rule:
      - Line: add // ast-grep-ignore: no-leading-whitespace-strings on the line before
      - Block: wrap code with // ast-grep-ignore-start and // ast-grep-ignore-end

warning[no-leading-whitespace-strings]: String literals should not start with leading whitespace. Found: ' | '
    ┌─ apps/explorer/scripts/bundle-diff.ts:405:33
    │
405 │                 lines.push(`| ${change.name} | ${sign}${formatBytes(change.delta)} |`)
    │                                             ^^^
    │
    = Strings that start with a single space followed by text like " foo" are often 
      unintentional typos and can cause display issues.
      
      This rule ignores:
      - Multi-line string indentation (2+ spaces or tabs)
      - Format strings with placeholders
      
      To disable this rule:
      - Line: add // ast-grep-ignore: no-leading-whitespace-strings on the line before
      - Block: wrap code with // ast-grep-ignore-start and // ast-grep-ignore-end

warning[no-leading-whitespace-strings]: String literals should not start with leading whitespace. Found: ' |'
    ┌─ apps/explorer/scripts/bundle-diff.ts:405:71
    │
405 │                 lines.push(`| ${change.name} | ${sign}${formatBytes(change.delta)} |`)
    │                                                                                   ^^
    │
    = Strings that start with a single space followed by text like " foo" are often 
      unintentional typos and can cause display issues.
      
      This rule ignores:
      - Multi-line string indentation (2+ spaces or tabs)
      - Format strings with placeholders
      
      To disable this rule:
      - Line: add // ast-grep-ignore: no-leading-whitespace-strings on the line before
      - Block: wrap code with // ast-grep-ignore-start and // ast-grep-ignore-end

warning[no-leading-whitespace-strings]: String literals should not start with leading whitespace. Found: ' more* | |'
    ┌─ apps/explorer/scripts/bundle-diff.ts:408:49
    │
408 │                 lines.push(`| *...and ${changes.length - 20} more* | |`)
    │                                                             ^^^^^^^^^^
    │
    = Strings that start with a single space followed by text like " foo" are often 
      unintentional typos and can cause display issues.
      
      This rule ignores:
      - Multi-line string indentation (2+ spaces or tabs)
      - Format strings with placeholders
      
      To disable this rule:
      - Line: add // ast-grep-ignore: no-leading-whitespace-strings on the line before
      - Block: wrap code with // ast-grep-ignore-start and // ast-grep-ignore-end

warning[no-leading-whitespace-strings]: String literals should not start with leading whitespace. Found: ' (gzip: '
    ┌─ apps/explorer/scripts/bundle-diff.ts:424:56
    │
424 │             `**Current build:** ${formatBytes(stats.total.size)} (gzip: ${formatBytes(
    │                                                                 ^^^^^^^^
    │
    = Strings that start with a single space followed by text like " foo" are often 
      unintentional typos and can cause display issues.
      
      This rule ignores:
      - Multi-line string indentation (2+ spaces or tabs)
      - Format strings with placeholders
      
      To disable this rule:
      - Line: add // ast-grep-ignore: no-leading-whitespace-strings on the line before
      - Block: wrap code with // ast-grep-ignore-start and // ast-grep-ignore-end

warning[no-leading-whitespace-strings]: String literals should not start with leading whitespace. Found: ' was not generated. Check the build output.'
    ┌─ apps/explorer/scripts/bundle-diff.ts:458:27
    │
458 │             `\nError: ${STATS_FILE} was not generated. Check the build output.`,
    │                                    ^^^^^^^^^^^^^^^^^^^^^^^^^^^^^^^^^^^^^^^^^^^
    │
    = Strings that start with a single space followed by text like " foo" are often 
      unintentional typos and can cause display issues.
      
      This rule ignores:
      - Multi-line string indentation (2+ spaces or tabs)
      - Format strings with placeholders
      
      To disable this rule:
      - Line: add // ast-grep-ignore: no-leading-whitespace-strings on the line before
      - Block: wrap code with // ast-grep-ignore-start and // ast-grep-ignore-end

warning[no-await-in-loop]: Avoid await inside loops. Consider Promise.all() for parallel execution.
   ┌─ apps/explorer/src/lib/server/tip403-log-utils.ts:31:16
   │  
30 │ ╭     while (true) {
31 │ │         const page = await fetchPage(pageSize, offset)
   │ │                      ^^^^^^^^^^^^^^^^^^^^^^^^^^^^^^^^^
   · │
35 │ │     }
   │ ╰─────'
   │  
   = Using await in a loop executes promises sequentially, which is often
     slower than running them in parallel.
     
     Bad:
     for (const item of items) {                      
       await processItem(item);  // Sequential - slow!
     }                                                
     
     Good:
     await Promise.all(items.map(item => processItem(item)));  // Parallel
     
     If sequential execution is intentional (e.g., rate limiting),
     disable this rule with a comment explaining why.
     
     To disable this rule:
     - Line: add // ast-grep-ignore: no-await-in-loop on the line before

warning[no-await-in-loop]: Avoid await inside loops. Consider Promise.all() for parallel execution.
   ┌─ apps/explorer/src/lib/server/tip403-log-utils.ts:48:16
   │  
47 │ ╭     while (true) {
48 │ │         const page = await fetchPage(pageSize, offset)
   │ │                      ^^^^^^^^^^^^^^^^^^^^^^^^^^^^^^^^^
   · │
54 │ │     }
   │ ╰─────'
   │  
   = Using await in a loop executes promises sequentially, which is often
     slower than running them in parallel.
     
     Bad:
     for (const item of items) {                      
       await processItem(item);  // Sequential - slow!
     }                                                
     
     Good:
     await Promise.all(items.map(item => processItem(item)));  // Parallel
     
     If sequential execution is intentional (e.g., rate limiting),
     disable this rule with a comment explaining why.
     
     To disable this rule:
     - Line: add // ast-grep-ignore: no-await-in-loop on the line before

warning[no-await-in-loop]: Avoid await inside loops. Consider Promise.all() for parallel execution.
    ┌─ apps/tempo-snapshots-viewer/src/index.ts:293:11
    │  
291 │ ╭     for (let attempt = 1; attempt <= R2_MAX_RETRIES; attempt++) {
292 │ │         try {
293 │ │             return await fn()
    │ │                    ^^^^^^^^^^
    · │
304 │ │     }
    │ ╰─────'
    │  
    = Using await in a loop executes promises sequentially, which is often
      slower than running them in parallel.
      
      Bad:
      for (const item of items) {                      
        await processItem(item);  // Sequential - slow!
      }                                                
      
      Good:
      await Promise.all(items.map(item => processItem(item)));  // Parallel
      
      If sequential execution is intentional (e.g., rate limiting),
      disable this rule with a comment explaining why.
      
      To disable this rule:
      - Line: add // ast-grep-ignore: no-await-in-loop on the line before

warning[no-await-in-loop]: Avoid await inside loops. Consider Promise.all() for parallel execution.
    ┌─ apps/tempo-snapshots-viewer/src/index.ts:302:4
    │  
291 │ ╭     for (let attempt = 1; attempt <= R2_MAX_RETRIES; attempt++) {
    · │
302 │ │             await sleep(R2_RETRY_BASE_DELAY_MS * attempt)
    │ │             ^^^^^^^^^^^^^^^^^^^^^^^^^^^^^^^^^^^^^^^^^^^^^
303 │ │         }
304 │ │     }
    │ ╰─────'
    │  
    = Using await in a loop executes promises sequentially, which is often
      slower than running them in parallel.
      
      Bad:
      for (const item of items) {                      
        await processItem(item);  // Sequential - slow!
      }                                                
      
      Good:
      await Promise.all(items.map(item => processItem(item)));  // Parallel
      
      If sequential execution is intentional (e.g., rate limiting),
      disable this rule with a comment explaining why.
      
      To disable this rule:
      - Line: add // ast-grep-ignore: no-await-in-loop on the line before

warning[no-await-in-loop]: Avoid await inside loops. Consider Promise.all() for parallel execution.
    ┌─ apps/tempo-snapshots-viewer/src/index.ts:448:15
    │    
447 │   ╭     while (true) {
448 │   │         const res = await withR2Retry('listing root snapshot prefixes', () =>
    │ ╭─│─────────────────────^
449 │ │ │             bucket.list({ cursor, delimiter: '/' }),
450 │ │ │         )
    │ ╰─│─────────^
    ·   │
457 │   │     }
    │   ╰─────'
    │    
    = Using await in a loop executes promises sequentially, which is often
      slower than running them in parallel.
      
      Bad:
      for (const item of items) {                      
        await processItem(item);  // Sequential - slow!
      }                                                
      
      Good:
      await Promise.all(items.map(item => processItem(item)));  // Parallel
      
      If sequential execution is intentional (e.g., rate limiting),
      disable this rule with a comment explaining why.
      
      To disable this rule:
      - Line: add // ast-grep-ignore: no-await-in-loop on the line before

warning[no-await-in-loop]: Avoid await inside loops. Consider Promise.all() for parallel execution.
    ┌─ apps/tempo-snapshots-viewer/src/index.ts:468:15
    │    
467 │   ╭     while (true) {
468 │   │         const res = await withR2Retry(
    │ ╭─│─────────────────────^
    · │ │
471 │ │ │         )
    │ ╰─│─────────^
    ·   │
477 │   │     }
    │   ╰─────'
    │    
    = Using await in a loop executes promises sequentially, which is often
      slower than running them in parallel.
      
      Bad:
      for (const item of items) {                      
        await processItem(item);  // Sequential - slow!
      }                                                
      
      Good:
      await Promise.all(items.map(item => processItem(item)));  // Parallel
      
      If sequential execution is intentional (e.g., rate limiting),
      disable this rule with a comment explaining why.
      
      To disable this rule:
      - Line: add // ast-grep-ignore: no-await-in-loop on the line before

warning[no-await-in-loop]: Avoid await inside loops. Consider Promise.all() for parallel execution.
    ┌─ apps/tempo-snapshots-viewer/src/index.ts:497:27
    │  
493 │ ╭         while (nextIndex < entries.length) {
    · │
497 │ │             results[entry.index] = await mapper(entry.item)
    │ │                                    ^^^^^^^^^^^^^^^^^^^^^^^^
498 │ │         }
    │ ╰─────────'
    │  
    = Using await in a loop executes promises sequentially, which is often
      slower than running them in parallel.
      
      Bad:
      for (const item of items) {                      
        await processItem(item);  // Sequential - slow!
      }                                                
      
      Good:
      await Promise.all(items.map(item => processItem(item)));  // Parallel
      
      If sequential execution is intentional (e.g., rate limiting),
      disable this rule with a comment explaining why.
      
      To disable this rule:
      - Line: add // ast-grep-ignore: no-await-in-loop on the line before

warning[no-leading-whitespace-strings]: String literals should not start with leading whitespace. Found: ' · '
     ┌─ apps/tempo-snapshots-viewer/src/index.ts:2625:115
     │
2625 │       <span id="footerStatus">Latest snapshot: block ${latestModular ? latestModular.block.toLocaleString() : '—'} · ${latestModular ? new Date(parseInt(latestModular.timestamp, 10) * 1000).toLocaleDateString('en-US', { month: 'short', day: 'numeric', year: 'numeric' }) : '—'}</span>
     │                                                                                                                   ^^^
     │
     = Strings that start with a single space followed by text like " foo" are often 
       unintentional typos and can cause display issues.
       
       This rule ignores:
       - Multi-line string indentation (2+ spaces or tabs)
       - Format strings with placeholders
       
       To disable this rule:
       - Line: add // ast-grep-ignore: no-leading-whitespace-strings on the line before
       - Block: wrap code with // ast-grep-ignore-start and // ast-grep-ignore-end

warning[no-await-in-loop]: Avoid await inside loops. Consider Promise.all() for parallel execution.
    ┌─ apps/explorer/test/prover-chain.node.test.ts:95:6
    │    
 85 │   ╭         for (const [body, status] of [
    ·   │
 95 │ ╭ │                     await forwardProverRpc(
    · │ │
101 │ │ │                     )
    │ ╰─│─────────────────────^
102 │   │                 ).status,
103 │   │             ).toBe(status)
    │   ╰──────────────────────────'
    │    
    = Using await in a loop executes promises sequentially, which is often
      slower than running them in parallel.
      
      Bad:
      for (const item of items) {                      
        await processItem(item);  // Sequential - slow!
      }                                                
      
      Good:
      await Promise.all(items.map(item => processItem(item)));  // Parallel
      
      If sequential execution is intentional (e.g., rate limiting),
      disable this rule with a comment explaining why.
      
      To disable this rule:
      - Line: add // ast-grep-ignore: no-await-in-loop on the line before

warning[no-leading-whitespace-strings]: String literals should not start with leading whitespace. Found: ' + '
   ┌─ apps/explorer/src/lib/og.ts:69:12
   │
69 │                 .join(' + ')
   │                        ^^^
   │
   = Strings that start with a single space followed by text like " foo" are often 
     unintentional typos and can cause display issues.
     
     This rule ignores:
     - Multi-line string indentation (2+ spaces or tabs)
     - Format strings with placeholders
     
     To disable this rule:
     - Line: add // ast-grep-ignore: no-leading-whitespace-strings on the line before
     - Block: wrap code with // ast-grep-ignore-start and // ast-grep-ignore-end

warning[no-leading-whitespace-strings]: String literals should not start with leading whitespace. Found: ' on '
    ┌─ apps/explorer/src/lib/og.ts:157:23
    │
157 │             return `${selector} on ${target}`
    │                                ^^^^
    │
    = Strings that start with a single space followed by text like " foo" are often 
      unintentional typos and can cause display issues.
      
      This rule ignores:
      - Multi-line string indentation (2+ spaces or tabs)
      - Format strings with placeholders
      
      To disable this rule:
      - Line: add // ast-grep-ignore: no-leading-whitespace-strings on the line before
      - Block: wrap code with // ast-grep-ignore-start and // ast-grep-ignore-end

warning[no-leading-whitespace-strings]: String literals should not start with leading whitespace. Found: ' on '
    ┌─ apps/explorer/src/lib/og.ts:248:17
    │
248 │                 `A ${action} on ${date} from ${HexFormatter.truncate(txData.from as Address.Address)}. View full details on Tempo Explorer.`,
    │                             ^^^^
    │
    = Strings that start with a single space followed by text like " foo" are often 
      unintentional typos and can cause display issues.
      
      This rule ignores:
      - Multi-line string indentation (2+ spaces or tabs)
      - Format strings with placeholders
      
      To disable this rule:
      - Line: add // ast-grep-ignore: no-leading-whitespace-strings on the line before
      - Block: wrap code with // ast-grep-ignore-start and // ast-grep-ignore-end

warning[no-leading-whitespace-strings]: String literals should not start with leading whitespace. Found: ' from '
    ┌─ apps/explorer/src/lib/og.ts:248:28
    │
248 │                 `A ${action} on ${date} from ${HexFormatter.truncate(txData.from as Address.Address)}. View full details on Tempo Explorer.`,
    │                                        ^^^^^^
    │
    = Strings that start with a single space followed by text like " foo" are often 
      unintentional typos and can cause display issues.
      
      This rule ignores:
      - Multi-line string indentation (2+ spaces or tabs)
      - Format strings with placeholders
      
      To disable this rule:
      - Line: add // ast-grep-ignore: no-leading-whitespace-strings on the line before
      - Block: wrap code with // ast-grep-ignore-start and // ast-grep-ignore-end

warning[no-leading-whitespace-strings]: String literals should not start with leading whitespace. Found: ' and '
    ┌─ apps/explorer/src/lib/og.ts:253:16
    │
253 │             `A ${action} and ${eventCount - 1} other action${eventCount > 2 ? 's' : ''} on ${date}. View full details on Tempo Explorer.`,
    │                         ^^^^^
    │
    = Strings that start with a single space followed by text like " foo" are often 
      unintentional typos and can cause display issues.
      
      This rule ignores:
      - Multi-line string indentation (2+ spaces or tabs)
      - Format strings with placeholders
      
      To disable this rule:
      - Line: add // ast-grep-ignore: no-leading-whitespace-strings on the line before
      - Block: wrap code with // ast-grep-ignore-start and // ast-grep-ignore-end

warning[no-leading-whitespace-strings]: String literals should not start with leading whitespace. Found: ' other action'
    ┌─ apps/explorer/src/lib/og.ts:253:38
    │
253 │             `A ${action} and ${eventCount - 1} other action${eventCount > 2 ? 's' : ''} on ${date}. View full details on Tempo Explorer.`,
    │                                               ^^^^^^^^^^^^^
    │
    = Strings that start with a single space followed by text like " foo" are often 
      unintentional typos and can cause display issues.
      
      This rule ignores:
      - Multi-line string indentation (2+ spaces or tabs)
      - Format strings with placeholders
      
      To disable this rule:
      - Line: add // ast-grep-ignore: no-leading-whitespace-strings on the line before
      - Block: wrap code with // ast-grep-ignore-start and // ast-grep-ignore-end

warning[no-leading-whitespace-strings]: String literals should not start with leading whitespace. Found: ' on '
    ┌─ apps/explorer/src/lib/og.ts:253:79
    │
253 │             `A ${action} and ${eventCount - 1} other action${eventCount > 2 ? 's' : ''} on ${date}. View full details on Tempo Explorer.`,
    │                                                                                        ^^^^
    │
    = Strings that start with a single space followed by text like " foo" are often 
      unintentional typos and can cause display issues.
      
      This rule ignores:
      - Multi-line string indentation (2+ spaces or tabs)
      - Format strings with placeholders
      
      To disable this rule:
      - Line: add // ast-grep-ignore: no-leading-whitespace-strings on the line before
      - Block: wrap code with // ast-grep-ignore-start and // ast-grep-ignore-end

warning[no-leading-whitespace-strings]: String literals should not start with leading whitespace. Found: ' from '
    ┌─ apps/explorer/src/lib/og.ts:259:26
    │
259 │         `Transaction on ${date} from ${HexFormatter.truncate(txData.from as Address.Address)}. View details on Tempo Explorer.`,
    │                                ^^^^^^
    │
    = Strings that start with a single space followed by text like " foo" are often 
      unintentional typos and can cause display issues.
      
      This rule ignores:
      - Multi-line string indentation (2+ spaces or tabs)
      - Format strings with placeholders
      
      To disable this rule:
      - Line: add // ast-grep-ignore: no-leading-whitespace-strings on the line before
      - Block: wrap code with // ast-grep-ignore-start and // ast-grep-ignore-end

warning[no-leading-whitespace-strings]: String literals should not start with leading whitespace. Found: ' ('
    ┌─ apps/explorer/src/lib/og.ts:277:36
    │
277 │     const namePart = symbol ? `${name} (${symbol})` : name
    │                                       ^^
    │
    = Strings that start with a single space followed by text like " foo" are often 
      unintentional typos and can cause display issues.
      
      This rule ignores:
      - Multi-line string indentation (2+ spaces or tabs)
      - Format strings with placeholders
      
      To disable this rule:
      - Line: add // ast-grep-ignore: no-leading-whitespace-strings on the line before
      - Block: wrap code with // ast-grep-ignore-start and // ast-grep-ignore-end

warning[no-leading-whitespace-strings]: String literals should not start with leading whitespace. Found: ' · '
    ┌─ apps/explorer/src/lib/og.ts:281:16
    │
281 │             `${namePart} · ${tokenData.supply} total supply. View token activity on Tempo Explorer.`,
    │                         ^^^
    │
    = Strings that start with a single space followed by text like " foo" are often 
      unintentional typos and can cause display issues.
      
      This rule ignores:
      - Multi-line string indentation (2+ spaces or tabs)
      - Format strings with placeholders
      
      To disable this rule:
      - Line: add // ast-grep-ignore: no-leading-whitespace-strings on the line before
      - Block: wrap code with // ast-grep-ignore-start and // ast-grep-ignore-end

warning[no-leading-whitespace-strings]: String literals should not start with leading whitespace. Found: ' total supply. View token activity on Tempo Explorer.'
    ┌─ apps/explorer/src/lib/og.ts:281:38
    │
281 │             `${namePart} · ${tokenData.supply} total supply. View token activity on Tempo Explorer.`,
    │                                               ^^^^^^^^^^^^^^^^^^^^^^^^^^^^^^^^^^^^^^^^^^^^^^^^^^^^^
    │
    = Strings that start with a single space followed by text like " foo" are often 
      unintentional typos and can cause display issues.
      
      This rule ignores:
      - Multi-line string indentation (2+ spaces or tabs)
      - Format strings with placeholders
      
      To disable this rule:
      - Line: add // ast-grep-ignore: no-leading-whitespace-strings on the line before
      - Block: wrap code with // ast-grep-ignore-start and // ast-grep-ignore-end

warning[no-leading-whitespace-strings]: String literals should not start with leading whitespace. Found: ' in holdings'
    ┌─ apps/explorer/src/lib/og.ts:302:58
    │
302 │         parts.push(`${truncateOgText(addressData.holdings, 20)} in holdings`)
    │                                                                ^^^^^^^^^^^^
    │
    = Strings that start with a single space followed by text like " foo" are often 
      unintentional typos and can cause display issues.
      
      This rule ignores:
      - Multi-line string indentation (2+ spaces or tabs)
      - Format strings with placeholders
      
      To disable this rule:
      - Line: add // ast-grep-ignore: no-leading-whitespace-strings on the line before
      - Block: wrap code with // ast-grep-ignore-start and // ast-grep-ignore-end

warning[no-leading-whitespace-strings]: String literals should not start with leading whitespace. Found: ' transactions'
    ┌─ apps/explorer/src/lib/og.ts:305:37
    │
305 │         parts.push(`${addressData.txCount} transactions`)
    │                                           ^^^^^^^^^^^^^
    │
    = Strings that start with a single space followed by text like " foo" are often 
      unintentional typos and can cause display issues.
      
      This rule ignores:
      - Multi-line string indentation (2+ spaces or tabs)
      - Format strings with placeholders
      
      To disable this rule:
      - Line: add // ast-grep-ignore: no-leading-whitespace-strings on the line before
      - Block: wrap code with // ast-grep-ignore-start and // ast-grep-ignore-end

warning[no-leading-whitespace-strings]: String literals should not start with leading whitespace. Found: ' · '
    ┌─ apps/explorer/src/lib/og.ts:310:19
    │
310 │             `${parts.join(' · ')}. View full activity on Tempo Explorer.`,
    │                            ^^^
    │
    = Strings that start with a single space followed by text like " foo" are often 
      unintentional typos and can cause display issues.
      
      This rule ignores:
      - Multi-line string indentation (2+ spaces or tabs)
      - Format strings with placeholders
      
      To disable this rule:
      - Line: add // ast-grep-ignore: no-leading-whitespace-strings on the line before
      - Block: wrap code with // ast-grep-ignore-start and // ast-grep-ignore-end

warning[no-non-null-assertion]: Avoid non-null assertion (!). Use proper null checking.
    ┌─ apps/explorer/src/lib/og.ts:195:39
    │
195 │         tokens: uniqueTokens.map((token) => token.address!),
    │                                             ^^^^^^^^^^^^^^
    │
    = The non-null assertion operator (!) tells TypeScript to trust you,
      but it can hide bugs if the value is actually null/undefined.
      
      Prefer:
      - Optional chaining: obj?.prop
      - Nullish coalescing: value ?? default
      - Explicit null checks: if (value !== null)
      - Type guards
      
      To disable this rule:
      - Line: add // ast-grep-ignore: no-non-null-assertion on the line before

warning[no-leading-whitespace-strings]: String literals should not start with leading whitespace. Found: ' credentials are not configured'
   ┌─ apps/explorer/src/lib/server/network.ts:43:44
   │
43 │         throw new Error(`Chain ${chainId} ${kind} credentials are not configured`)
   │                                                  ^^^^^^^^^^^^^^^^^^^^^^^^^^^^^^^
   │
   = Strings that start with a single space followed by text like " foo" are often 
     unintentional typos and can cause display issues.
     
     This rule ignores:
     - Multi-line string indentation (2+ spaces or tabs)
     - Format strings with placeholders
     
     To disable this rule:
     - Line: add // ast-grep-ignore: no-leading-whitespace-strings on the line before
     - Block: wrap code with // ast-grep-ignore-start and // ast-grep-ignore-end

warning[no-await-in-loop]: Avoid await inside loops. Consider Promise.all() for parallel execution.
   ┌─ apps/explorer/src/lib/server/rpc.ts:50:27
   │  
49 │ ╭     for (;;) {
50 │ │         const { done, value } = await reader.read()
   │ │                                 ^^^^^^^^^^^^^^^^^^^
   · │
58 │ │     }
   │ ╰─────'
   │  
   = Using await in a loop executes promises sequentially, which is often
     slower than running them in parallel.
     
     Bad:
     for (const item of items) {                      
       await processItem(item);  // Sequential - slow!
     }                                                
     
     Good:
     await Promise.all(items.map(item => processItem(item)));  // Parallel
     
     If sequential execution is intentional (e.g., rate limiting),
     disable this rule with a comment explaining why.
     
     To disable this rule:
     - Line: add // ast-grep-ignore: no-await-in-loop on the line before

warning[no-await-in-loop]: Avoid await inside loops. Consider Promise.all() for parallel execution.
   ┌─ apps/explorer/src/lib/server/rpc.ts:54:4
   │  
49 │ ╭     for (;;) {
   · │
54 │ │             await reader.cancel()
   │ │             ^^^^^^^^^^^^^^^^^^^^^
   · │
58 │ │     }
   │ ╰─────'
   │  
   = Using await in a loop executes promises sequentially, which is often
     slower than running them in parallel.
     
     Bad:
     for (const item of items) {                      
       await processItem(item);  // Sequential - slow!
     }                                                
     
     Good:
     await Promise.all(items.map(item => processItem(item)));  // Parallel
     
     If sequential execution is intentional (e.g., rate limiting),
     disable this rule with a comment explaining why.
     
     To disable this rule:
     - Line: add // ast-grep-ignore: no-await-in-loop on the line before

warning[no-leading-whitespace-strings]: String literals should not start with leading whitespace. Found: ' ('
    ┌─ apps/explorer/src/lib/server/address-history.ts:219:60
    │
219 │             `(t.block_num, t.idx) ${direction === 'ASC' ? '>' : '<'} (${cursor[0]}, ${cursor[1]})`,
    │                                                                     ^^
    │
    = Strings that start with a single space followed by text like " foo" are often 
      unintentional typos and can cause display issues.
      
      This rule ignores:
      - Multi-line string indentation (2+ spaces or tabs)
      - Format strings with placeholders
      
      To disable this rule:
      - Line: add // ast-grep-ignore: no-leading-whitespace-strings on the line before
      - Block: wrap code with // ast-grep-ignore-start and // ast-grep-ignore-end

warning[no-leading-whitespace-strings]: String literals should not start with leading whitespace. Found: ' AND '
    ┌─ apps/explorer/src/lib/server/address-history.ts:251:57
    │
251 │             WHERE t."${side}" = '${account}' AND ${filters.join(' AND ')}
    │                                                                  ^^^^^
    │
    = Strings that start with a single space followed by text like " foo" are often 
      unintentional typos and can cause display issues.
      
      This rule ignores:
      - Multi-line string indentation (2+ spaces or tabs)
      - Format strings with placeholders
      
      To disable this rule:
      - Line: add // ast-grep-ignore: no-leading-whitespace-strings on the line before
      - Block: wrap code with // ast-grep-ignore-start and // ast-grep-ignore-end

warning[no-await-in-loop]: Avoid await inside loops. Consider Promise.all() for parallel execution.
    ┌─ apps/explorer/src/lib/server/address-live.ts:105:24
    │    
 96 │   ╭                 for await (const event of readSse(response.body)) {
    ·   │
105 │   │                         const snapshot = await fetch(snapshotUrl, {
    │ ╭─│──────────────────────────────────────────^
    · │ │
115 │ │ │                         })
    │ ╰─│──────────────────────────^
    ·   │
148 │   │                 }
    │   ╰─────────────────'
    │    
    = Using await in a loop executes promises sequentially, which is often
      slower than running them in parallel.
      
      Bad:
      for (const item of items) {                      
        await processItem(item);  // Sequential - slow!
      }                                                
      
      Good:
      await Promise.all(items.map(item => processItem(item)));  // Parallel
      
      If sequential execution is intentional (e.g., rate limiting),
      disable this rule with a comment explaining why.
      
      To disable this rule:
      - Line: add // ast-grep-ignore: no-await-in-loop on the line before

warning[no-await-in-loop]: Avoid await inside loops. Consider Promise.all() for parallel execution.
    ┌─ apps/explorer/src/lib/server/address-live.ts:117:17
    │  
 96 │ ╭                 for await (const event of readSse(response.body)) {
    · │
117 │ │                         result = (await snapshot.json()) as typeof result
    │ │                                   ^^^^^^^^^^^^^^^^^^^^^
    · │
148 │ │                 }
    │ ╰─────────────────'
    │  
    = Using await in a loop executes promises sequentially, which is often
      slower than running them in parallel.
      
      Bad:
      for (const item of items) {                      
        await processItem(item);  // Sequential - slow!
      }                                                
      
      Good:
      await Promise.all(items.map(item => processItem(item)));  // Parallel
      
      If sequential execution is intentional (e.g., rate limiting),
      disable this rule with a comment explaining why.
      
      To disable this rule:
      - Line: add // ast-grep-ignore: no-await-in-loop on the line before

warning[no-await-in-loop]: Avoid await inside loops. Consider Promise.all() for parallel execution.
    ┌─ apps/explorer/src/lib/server/address-live.ts:141:19
    │  
 96 │ ╭                 for await (const event of readSse(response.body)) {
    · │
141 │ │                     const data = await normalizeRows(fresh, options, chainId, metadata)
    │ │                                  ^^^^^^^^^^^^^^^^^^^^^^^^^^^^^^^^^^^^^^^^^^^^^^^^^^^^^^
    · │
148 │ │                 }
    │ ╰─────────────────'
    │  
    = Using await in a loop executes promises sequentially, which is often
      slower than running them in parallel.
      
      Bad:
      for (const item of items) {                      
        await processItem(item);  // Sequential - slow!
      }                                                
      
      Good:
      await Promise.all(items.map(item => processItem(item)));  // Parallel
      
      If sequential execution is intentional (e.g., rate limiting),
      disable this rule with a comment explaining why.
      
      To disable this rule:
      - Line: add // ast-grep-ignore: no-await-in-loop on the line before

warning[no-await-in-loop]: Avoid await inside loops. Consider Promise.all() for parallel execution.
    ┌─ apps/explorer/src/lib/server/contract-creation.ts:160:17
    │    
156 │   ╭     while (high - low > BigInt(MAX_BATCH_SIZE)) {
    ·   │
160 │   │             const code = await client.getCode({
    │ ╭─│──────────────────────────^
    · │ │
163 │ │ │             })
    │ ╰─│──────────────^
    ·   │
173 │   │     }
    │   ╰─────'
    │    
    = Using await in a loop executes promises sequentially, which is often
      slower than running them in parallel.
      
      Bad:
      for (const item of items) {                      
        await processItem(item);  // Sequential - slow!
      }                                                
      
      Good:
      await Promise.all(items.map(item => processItem(item)));  // Parallel
      
      If sequential execution is intentional (e.g., rate limiting),
      disable this rule with a comment explaining why.
      
      To disable this rule:
      - Line: add // ast-grep-ignore: no-await-in-loop on the line before

warning[no-leading-whitespace-strings]: String literals should not start with leading whitespace. Found: ' AND block_timestamp >= ''
   ┌─ apps/explorer/src/lib/live-query.ts:29:92
   │
29 │                 `SELECT hash, block_num, idx FROM txs WHERE "${side}" = '${address}'${options.after ? ` AND block_timestamp >= '${new Date(options.after * 1000).toISOString()}'` : ''} ORDER BY block_num DESC, idx DESC LIMIT ${Math.min(limit, 10)}`,
   │                                                                                                        ^^^^^^^^^^^^^^^^^^^^^^^^^
   │
   = Strings that start with a single space followed by text like " foo" are often 
     unintentional typos and can cause display issues.
     
     This rule ignores:
     - Multi-line string indentation (2+ spaces or tabs)
     - Format strings with placeholders
     
     To disable this rule:
     - Line: add // ast-grep-ignore: no-leading-whitespace-strings on the line before
     - Block: wrap code with // ast-grep-ignore-start and // ast-grep-ignore-end

warning[no-leading-whitespace-strings]: String literals should not start with leading whitespace. Found: ' ORDER BY block_num DESC, idx DESC LIMIT '
   ┌─ apps/explorer/src/lib/live-query.ts:29:172
   │
29 │                 `SELECT hash, block_num, idx FROM txs WHERE "${side}" = '${address}'${options.after ? ` AND block_timestamp >= '${new Date(options.after * 1000).toISOString()}'` : ''} ORDER BY block_num DESC, idx DESC LIMIT ${Math.min(limit, 10)}`,
   │                                                                                                                                                                                        ^^^^^^^^^^^^^^^^^^^^^^^^^^^^^^^^^^^^^^^^^
   │
   = Strings that start with a single space followed by text like " foo" are often 
     unintentional typos and can cause display issues.
     
     This rule ignores:
     - Multi-line string indentation (2+ spaces or tabs)
     - Format strings with placeholders
     
     To disable this rule:
     - Line: add // ast-grep-ignore: no-leading-whitespace-strings on the line before
     - Block: wrap code with // ast-grep-ignore-start and // ast-grep-ignore-end

warning[no-leading-whitespace-strings]: String literals should not start with leading whitespace. Found: ' = '0x'
   ┌─ apps/explorer/src/lib/live-query.ts:46:158
   │
46 │             `SELECT address, block_num, tx_hash, log_idx, block_timestamp, topic0, topic1, topic2, data FROM logs WHERE ${[...filters, ...(side && account ? [`${side} = '0x${account.slice(2).padStart(64, '0')}'`] : [])].join(' AND ')} ORDER BY block_num DESC, log_idx DESC LIMIT ${limit}`,
   │                                                                                                                                                                       ^^^^^^
   │
   = Strings that start with a single space followed by text like " foo" are often 
     unintentional typos and can cause display issues.
     
     This rule ignores:
     - Multi-line string indentation (2+ spaces or tabs)
     - Format strings with placeholders
     
     To disable this rule:
     - Line: add // ast-grep-ignore: no-leading-whitespace-strings on the line before
     - Block: wrap code with // ast-grep-ignore-start and // ast-grep-ignore-end

warning[no-leading-whitespace-strings]: String literals should not start with leading whitespace. Found: ' AND '
   ┌─ apps/explorer/src/lib/live-query.ts:46:218
   │
46 │             `SELECT address, block_num, tx_hash, log_idx, block_timestamp, topic0, topic1, topic2, data FROM logs WHERE ${[...filters, ...(side && account ? [`${side} = '0x${account.slice(2).padStart(64, '0')}'`] : [])].join(' AND ')} ORDER BY block_num DESC, log_idx DESC LIMIT ${limit}`,
   │                                                                                                                                                                                                                                   ^^^^^
   │
   = Strings that start with a single space followed by text like " foo" are often 
     unintentional typos and can cause display issues.
     
     This rule ignores:
     - Multi-line string indentation (2+ spaces or tabs)
     - Format strings with placeholders
     
     To disable this rule:
     - Line: add // ast-grep-ignore: no-leading-whitespace-strings on the line before
     - Block: wrap code with // ast-grep-ignore-start and // ast-grep-ignore-end

warning[no-leading-whitespace-strings]: String literals should not start with leading whitespace. Found: ' ORDER BY block_num DESC, log_idx DESC LIMIT '
   ┌─ apps/explorer/src/lib/live-query.ts:46:226
   │
46 │             `SELECT address, block_num, tx_hash, log_idx, block_timestamp, topic0, topic1, topic2, data FROM logs WHERE ${[...filters, ...(side && account ? [`${side} = '0x${account.slice(2).padStart(64, '0')}'`] : [])].join(' AND ')} ORDER BY block_num DESC, log_idx DESC LIMIT ${limit}`,
   │                                                                                                                                                                                                                                           ^^^^^^^^^^^^^^^^^^^^^^^^^^^^^^^^^^^^^^^^^^^^^
   │
   = Strings that start with a single space followed by text like " foo" are often 
     unintentional typos and can cause display issues.
     
     This rule ignores:
     - Multi-line string indentation (2+ spaces or tabs)
     - Format strings with placeholders
     
     To disable this rule:
     - Line: add // ast-grep-ignore: no-leading-whitespace-strings on the line before
     - Block: wrap code with // ast-grep-ignore-start and // ast-grep-ignore-end

warning[no-await-in-loop]: Avoid await inside loops. Consider Promise.all() for parallel execution.
   ┌─ apps/explorer/src/lib/sse.ts:8:28
   │  
 7 │ ╭         while (true) {
 8 │ │             const { value, done } = await reader.read()
   │ │                                     ^^^^^^^^^^^^^^^^^^^
   · │
27 │ │         }
   │ ╰─────────'
   │  
   = Using await in a loop executes promises sequentially, which is often
     slower than running them in parallel.
     
     Bad:
     for (const item of items) {                      
       await processItem(item);  // Sequential - slow!
     }                                                
     
     Good:
     await Promise.all(items.map(item => processItem(item)));  // Parallel
     
     If sequential execution is intentional (e.g., rate limiting),
     disable this rule with a comment explaining why.
     
     To disable this rule:
     - Line: add // ast-grep-ignore: no-await-in-loop on the line before

warning[no-leading-whitespace-strings]: String literals should not start with leading whitespace. Found: ' day'
    ┌─ apps/explorer/src/lib/formatting.ts:179:36
    │
179 │         if (days > 0) parts.push(`${days} day${days > 1 ? 's' : ''}`)
    │                                          ^^^^
    │
    = Strings that start with a single space followed by text like " foo" are often 
      unintentional typos and can cause display issues.
      
      This rule ignores:
      - Multi-line string indentation (2+ spaces or tabs)
      - Format strings with placeholders
      
      To disable this rule:
      - Line: add // ast-grep-ignore: no-leading-whitespace-strings on the line before
      - Block: wrap code with // ast-grep-ignore-start and // ast-grep-ignore-end

warning[no-console-log]: Avoid console.log in production code. Use structured logging instead.
    ┌─ apps/explorer/test/fee-amm/browser.ts:139:2
    │  
139 │ ╭     console.log(
140 │ │         'Fee AMM browser checks passed: pagination, direct links, Token tab, retry, missing reserves, validation, and mobile layout.',
141 │ │     )
    │ ╰─────^
    │  
    = console.log is not suitable for production:
      - No log levels
      - No structured data
      - Cannot be configured/disabled
      
      Use a proper logging library instead (pino, winston, etc.)
      
      To disable this rule:
      - Line: add // ast-grep-ignore: no-console-log on the line before

warning[no-await-in-loop]: Avoid await inside loops. Consider Promise.all() for parallel execution.
   ┌─ apps/explorer/test/fee-amm/browser.ts:32:3
   │  
30 │ ╭     for (let attempt = 0; attempt < 240; attempt++) {
31 │ │         if (browser('get', 'text', 'main').includes(text)) return
32 │ │         await setTimeout(250)
   │ │         ^^^^^^^^^^^^^^^^^^^^^
33 │ │     }
   │ ╰─────'
   │  
   = Using await in a loop executes promises sequentially, which is often
     slower than running them in parallel.
     
     Bad:
     for (const item of items) {                      
       await processItem(item);  // Sequential - slow!
     }                                                
     
     Good:
     await Promise.all(items.map(item => processItem(item)));  // Parallel
     
     If sequential execution is intentional (e.g., rate limiting),
     disable this rule with a comment explaining why.
     
     To disable this rule:
     - Line: add // ast-grep-ignore: no-await-in-loop on the line before

warning[no-leading-whitespace-strings]: String literals should not start with leading whitespace. Found: ' / '
    ┌─ apps/explorer/src/lib/domain/storage-decode.ts:474:86
    │
474 │     const beforeDisplay = `${formatReserve(beforeUserReserve, userDecimals, userSymbol)} / ${formatReserve(beforeValidatorReserve, validatorDecimals, validatorSymbol)}`
    │                                                                                         ^^^
    │
    = Strings that start with a single space followed by text like " foo" are often 
      unintentional typos and can cause display issues.
      
      This rule ignores:
      - Multi-line string indentation (2+ spaces or tabs)
      - Format strings with placeholders
      
      To disable this rule:
      - Line: add // ast-grep-ignore: no-leading-whitespace-strings on the line before
      - Block: wrap code with // ast-grep-ignore-start and // ast-grep-ignore-end

warning[no-leading-whitespace-strings]: String literals should not start with leading whitespace. Found: ' / '
    ┌─ apps/explorer/src/lib/domain/storage-decode.ts:475:84
    │
475 │     const afterDisplay = `${formatReserve(afterUserReserve, userDecimals, userSymbol)} / ${formatReserve(afterValidatorReserve, validatorDecimals, validatorSymbol)}`
    │                                                                                       ^^^
    │
    = Strings that start with a single space followed by text like " foo" are often 
      unintentional typos and can cause display issues.
      
      This rule ignores:
      - Multi-line string indentation (2+ spaces or tabs)
      - Format strings with placeholders
      
      To disable this rule:
      - Line: add // ast-grep-ignore: no-leading-whitespace-strings on the line before
      - Block: wrap code with // ast-grep-ignore-start and // ast-grep-ignore-end

warning[no-leading-whitespace-strings]: String literals should not start with leading whitespace. Found: ' / '
    ┌─ apps/explorer/src/lib/domain/storage-decode.ts:512:25
    │
512 │             display: parts.join(' / '),
    │                                  ^^^
    │
    = Strings that start with a single space followed by text like " foo" are often 
      unintentional typos and can cause display issues.
      
      This rule ignores:
      - Multi-line string indentation (2+ spaces or tabs)
      - Format strings with placeholders
      
      To disable this rule:
      - Line: add // ast-grep-ignore: no-leading-whitespace-strings on the line before
      - Block: wrap code with // ast-grep-ignore-start and // ast-grep-ignore-end

warning[no-leading-whitespace-strings]: String literals should not start with leading whitespace. Found: ' seconds'
   ┌─ apps/explorer/src/lib/domain/access-key.ts:72:25
   │
72 │     return `Every ${period} seconds`
   │                            ^^^^^^^^
   │
   = Strings that start with a single space followed by text like " foo" are often 
     unintentional typos and can cause display issues.
     
     This rule ignores:
     - Multi-line string indentation (2+ spaces or tabs)
     - Format strings with placeholders
     
     To disable this rule:
     - Line: add // ast-grep-ignore: no-leading-whitespace-strings on the line before
     - Block: wrap code with // ast-grep-ignore-start and // ast-grep-ignore-end

warning[no-leading-whitespace-strings]: String literals should not start with leading whitespace. Found: ' UTC'
   ┌─ apps/explorer/src/lib/domain/access-key.ts:88:5
   │
88 │     })} UTC`
   │        ^^^^
   │
   = Strings that start with a single space followed by text like " foo" are often 
     unintentional typos and can cause display issues.
     
     This rule ignores:
     - Multi-line string indentation (2+ spaces or tabs)
     - Format strings with placeholders
     
     To disable this rule:
     - Line: add // ast-grep-ignore: no-leading-whitespace-strings on the line before
     - Block: wrap code with // ast-grep-ignore-start and // ast-grep-ignore-end

warning[no-explicit-any]: Avoid explicit 'any' type. Use 'unknown' or proper typing.
   ┌─ apps/explorer/src/lib/domain/proxy.ts:51:23
   │
51 │     readContract: (args: any) => Promise<unknown>
   │                          ^^^
   │
   = any disables type checking and defeats the purpose of TypeScript.
     
     Prefer:
     - unknown for truly unknown types (requires type narrowing)
     - Proper interface/type definitions
     - Generics for flexible typing
     
     To disable this rule:
     - Line: add // ast-grep-ignore: no-explicit-any on the line before

warning[no-leading-whitespace-strings]: String literals should not start with leading whitespace. Found: ' ('
    ┌─ apps/explorer/src/lib/domain/token-trust.ts:111:33
    │
111 │                 description: `${description} (${role.role})`,
    │                                             ^^
    │
    = Strings that start with a single space followed by text like " foo" are often 
      unintentional typos and can cause display issues.
      
      This rule ignores:
      - Multi-line string indentation (2+ spaces or tabs)
      - Format strings with placeholders
      
      To disable this rule:
      - Line: add // ast-grep-ignore: no-leading-whitespace-strings on the line before
      - Block: wrap code with // ast-grep-ignore-start and // ast-grep-ignore-end

warning[no-leading-whitespace-strings]: String literals should not start with leading whitespace. Found: ' · '
    ┌─ apps/explorer/src/lib/domain/token-trust.ts:128:22
    │
128 │                     ? `${permission} · ${item.scope.toLowerCase()}`
    │                                     ^^^
    │
    = Strings that start with a single space followed by text like " foo" are often 
      unintentional typos and can cause display issues.
      
      This rule ignores:
      - Multi-line string indentation (2+ spaces or tabs)
      - Format strings with placeholders
      
      To disable this rule:
      - Line: add // ast-grep-ignore: no-leading-whitespace-strings on the line before
      - Block: wrap code with // ast-grep-ignore-start and // ast-grep-ignore-end

warning[no-leading-whitespace-strings]: String literals should not start with leading whitespace. Found: ' and transfer its administration.'
    ┌─ apps/explorer/src/lib/domain/token-trust.ts:130:60
    │
130 │                 description: `Policy admin: can update the ${item.type} and transfer its administration.`,
    │                                                                        ^^^^^^^^^^^^^^^^^^^^^^^^^^^^^^^^^
    │
    = Strings that start with a single space followed by text like " foo" are often 
      unintentional typos and can cause display issues.
      
      This rule ignores:
      - Multi-line string indentation (2+ spaces or tabs)
      - Format strings with placeholders
      
      To disable this rule:
      - Line: add // ast-grep-ignore: no-leading-whitespace-strings on the line before
      - Block: wrap code with // ast-grep-ignore-start and // ast-grep-ignore-end

warning[no-leading-whitespace-strings]: String literals should not start with leading whitespace. Found: ' (raw)'
   ┌─ apps/explorer/src/lib/domain/trace-error-args.ts:94:31
   │
94 │             title: `${value.toString()} (raw)`,
   │                                        ^^^^^^
   │
   = Strings that start with a single space followed by text like " foo" are often 
     unintentional typos and can cause display issues.
     
     This rule ignores:
     - Multi-line string indentation (2+ spaces or tabs)
     - Format strings with placeholders
     
     To disable this rule:
     - Line: add // ast-grep-ignore: no-leading-whitespace-strings on the line before
     - Block: wrap code with // ast-grep-ignore-start and // ast-grep-ignore-end

warning[no-leading-whitespace-strings]: String literals should not start with leading whitespace. Found: ' should be a known event'
    ┌─ apps/explorer/test/known-events.test.ts:328:19
    │
328 │                     `${item.name} should be a known event`,
    │                                  ^^^^^^^^^^^^^^^^^^^^^^^^
    │
    = Strings that start with a single space followed by text like " foo" are often 
      unintentional typos and can cause display issues.
      
      This rule ignores:
      - Multi-line string indentation (2+ spaces or tabs)
      - Format strings with placeholders
      
      To disable this rule:
      - Line: add // ast-grep-ignore: no-leading-whitespace-strings on the line before
      - Block: wrap code with // ast-grep-ignore-start and // ast-grep-ignore-end

warning[no-leading-whitespace-strings]: String literals should not start with leading whitespace. Found: ' interpreted events detected.'
   ┌─ apps/explorer/src/lib/domain/tx-summary.ts:70:46
   │
70 │             ? [`${knownEvents.length.toLocaleString()} interpreted events detected.`]
   │                                                       ^^^^^^^^^^^^^^^^^^^^^^^^^^^^^
   │
   = Strings that start with a single space followed by text like " foo" are often 
     unintentional typos and can cause display issues.
     
     This rule ignores:
     - Multi-line string indentation (2+ spaces or tabs)
     - Format strings with placeholders
     
     To disable this rule:
     - Line: add // ast-grep-ignore: no-leading-whitespace-strings on the line before
     - Block: wrap code with // ast-grep-ignore-start and // ast-grep-ignore-end

warning[no-leading-whitespace-strings]: String literals should not start with leading whitespace. Found: ' failed'
    ┌─ apps/explorer/src/lib/domain/tx-summary.ts:108:35
    │
108 │         ? `${sentenceCase(functionName)} failed`
    │                                         ^^^^^^^
    │
    = Strings that start with a single space followed by text like " foo" are often 
      unintentional typos and can cause display issues.
      
      This rule ignores:
      - Multi-line string indentation (2+ spaces or tabs)
      - Format strings with placeholders
      
      To disable this rule:
      - Line: add // ast-grep-ignore: no-leading-whitespace-strings on the line before
      - Block: wrap code with // ast-grep-ignore-start and // ast-grep-ignore-end

warning[no-leading-whitespace-strings]: String literals should not start with leading whitespace. Found: ' balance'
    ┌─ apps/explorer/src/lib/domain/tx-summary.ts:155:24
    │
155 │         ? `${metadata.symbol} balance`
    │                              ^^^^^^^^
    │
    = Strings that start with a single space followed by text like " foo" are often 
      unintentional typos and can cause display issues.
      
      This rule ignores:
      - Multi-line string indentation (2+ spaces or tabs)
      - Format strings with placeholders
      
      To disable this rule:
      - Line: add // ast-grep-ignore: no-leading-whitespace-strings on the line before
      - Block: wrap code with // ast-grep-ignore-start and // ast-grep-ignore-end

warning[no-leading-whitespace-strings]: String literals should not start with leading whitespace. Found: ' Available '
    ┌─ apps/explorer/src/lib/domain/tx-summary.ts:162:7
    │
162 │             ? ` Available ${formatTokenAmount(available, metadata)}, required ${formatTokenAmount(required, metadata)}.`
    │                ^^^^^^^^^^^
    │
    = Strings that start with a single space followed by text like " foo" are often 
      unintentional typos and can cause display issues.
      
      This rule ignores:
      - Multi-line string indentation (2+ spaces or tabs)
      - Format strings with placeholders
      
      To disable this rule:
      - Line: add // ast-grep-ignore: no-leading-whitespace-strings on the line before
      - Block: wrap code with // ast-grep-ignore-start and // ast-grep-ignore-end

warning[no-leading-whitespace-strings]: String literals should not start with leading whitespace. Found: ' failed'
    ┌─ apps/explorer/src/lib/domain/tx-summary.ts:275:33
    │
275 │     return `${sentenceCase(action)} failed`
    │                                    ^^^^^^^
    │
    = Strings that start with a single space followed by text like " foo" are often 
      unintentional typos and can cause display issues.
      
      This rule ignores:
      - Multi-line string indentation (2+ spaces or tabs)
      - Format strings with placeholders
      
      To disable this rule:
      - Line: add // ast-grep-ignore: no-leading-whitespace-strings on the line before
      - Block: wrap code with // ast-grep-ignore-start and // ast-grep-ignore-end

warning[no-leading-whitespace-strings]: String literals should not start with leading whitespace. Found: ' for'
    ┌─ apps/explorer/src/lib/domain/known-events.ts:448:51
    │
448 │                 { type: 'text', value: `v${version.toString()} for` },
    │                                                               ^^^^
    │
    = Strings that start with a single space followed by text like " foo" are often 
      unintentional typos and can cause display issues.
      
      This rule ignores:
      - Multi-line string indentation (2+ spaces or tabs)
      - Format strings with placeholders
      
      To disable this rule:
      - Line: add // ast-grep-ignore: no-leading-whitespace-strings on the line before
      - Block: wrap code with // ast-grep-ignore-start and // ast-grep-ignore-end

warning[no-leading-whitespace-strings]: String literals should not start with leading whitespace. Found: ' of '
    ┌─ apps/explorer/src/lib/domain/known-events.ts:480:35
    │
480 │                     value: `to ${paid.toString()} of ${attempted.toString()} recipients`,
    │                                                  ^^^^
    │
    = Strings that start with a single space followed by text like " foo" are often 
      unintentional typos and can cause display issues.
      
      This rule ignores:
      - Multi-line string indentation (2+ spaces or tabs)
      - Format strings with placeholders
      
      To disable this rule:
      - Line: add // ast-grep-ignore: no-leading-whitespace-strings on the line before
      - Block: wrap code with // ast-grep-ignore-start and // ast-grep-ignore-end

warning[no-leading-whitespace-strings]: String literals should not start with leading whitespace. Found: ' recipients'
    ┌─ apps/explorer/src/lib/domain/known-events.ts:480:62
    │
480 │                     value: `to ${paid.toString()} of ${attempted.toString()} recipients`,
    │                                                                             ^^^^^^^^^^^
    │
    = Strings that start with a single space followed by text like " foo" are often 
      unintentional typos and can cause display issues.
      
      This rule ignores:
      - Multi-line string indentation (2+ spaces or tabs)
      - Format strings with placeholders
      
      To disable this rule:
      - Line: add // ast-grep-ignore: no-leading-whitespace-strings on the line before
      - Block: wrap code with // ast-grep-ignore-start and // ast-grep-ignore-end

warning[no-leading-whitespace-strings]: String literals should not start with leading whitespace. Found: ' Token'
     ┌─ apps/explorer/src/lib/domain/known-events.ts:1074:51
     │
1074 │                         { type: 'action', value: `Enable ${zoneName} Token` },
     │                                                                     ^^^^^^
     │
     = Strings that start with a single space followed by text like " foo" are often 
       unintentional typos and can cause display issues.
       
       This rule ignores:
       - Multi-line string indentation (2+ spaces or tabs)
       - Format strings with placeholders
       
       To disable this rule:
       - Line: add // ast-grep-ignore: no-leading-whitespace-strings on the line before
       - Block: wrap code with // ast-grep-ignore-start and // ast-grep-ignore-end

warning[no-leading-whitespace-strings]: String literals should not start with leading whitespace. Found: ' Sequencer'
     ┌─ apps/explorer/src/lib/domain/known-events.ts:1093:53
     │
1093 │                         { type: 'action', value: `Transfer ${zoneName} Sequencer` },
     │                                                                       ^^^^^^^^^^
     │
     = Strings that start with a single space followed by text like " foo" are often 
       unintentional typos and can cause display issues.
       
       This rule ignores:
       - Multi-line string indentation (2+ spaces or tabs)
       - Format strings with placeholders
       
       To disable this rule:
       - Line: add // ast-grep-ignore: no-leading-whitespace-strings on the line before
       - Block: wrap code with // ast-grep-ignore-start and // ast-grep-ignore-end

warning[no-leading-whitespace-strings]: String literals should not start with leading whitespace. Found: ' Portal'
     ┌─ apps/explorer/src/lib/domain/known-events.ts:3014:56
     │
3014 │                 parts: [{ type: 'action', value: `Pause ${zoneName} Portal` }],
     │                                                                    ^^^^^^^
     │
     = Strings that start with a single space followed by text like " foo" are often 
       unintentional typos and can cause display issues.
       
       This rule ignores:
       - Multi-line string indentation (2+ spaces or tabs)
       - Format strings with placeholders
       
       To disable this rule:
       - Line: add // ast-grep-ignore: no-leading-whitespace-strings on the line before
       - Block: wrap code with // ast-grep-ignore-start and // ast-grep-ignore-end

warning[no-leading-whitespace-strings]: String literals should not start with leading whitespace. Found: ' (failed)'
     ┌─ apps/explorer/src/lib/domain/known-events.ts:3186:46
     │
3186 │                                             ? { ...part, value: `${part.value} (failed)` }
     │                                                                               ^^^^^^^^^
     │
     = Strings that start with a single space followed by text like " foo" are often 
       unintentional typos and can cause display issues.
       
       This rule ignores:
       - Multi-line string indentation (2+ spaces or tabs)
       - Format strings with placeholders
       
       To disable this rule:
       - Line: add // ast-grep-ignore: no-leading-whitespace-strings on the line before
       - Block: wrap code with // ast-grep-ignore-start and // ast-grep-ignore-end

